Date,Open,High,Low,Close,Volume
2015-01-02,24.627201352876586,24.638256521479203,23.733998044162465,24.171756744384766,212818400
2015-01-05,23.94182638039237,24.02141888235011,23.30508805151262,23.490802764892578,257142000
2015-01-06,23.554920196804904,23.75169008997391,23.13263764142683,23.49301528930664,263188400
2015-01-07,23.700839061411305,23.92192898432291,23.5902940999555,23.822439193725586,160423600
2015-01-08,24.14964711115405,24.795229123220967,24.03246806379357,24.73774528503418,237458000
2015-01-09,24.910196858371453,25.03842939608858,24.366315945426543,24.764278411865234,214798000
2015-01-12,24.894720676810472,24.901353103465542,24.05458012712268,24.154069900512695,198603200
2015-01-13,24.63604307861509,24.93893679296652,24.078897375604033,24.3685245513916,268367600
2015-01-14,24.107646002015397,24.428225723573778,23.988257238231522,24.27567481994629,195826400
2015-01-15,24.319889150225293,24.33315400453697,23.581449689319307,23.616823196411133,240056000
2015-01-16,23.66325280064209,23.784852925871537,23.258657860459195,23.433319091796875,314053200
2015-01-20,23.84233176401339,24.092164407057577,23.546072135531507,24.03689193725586,199599600
2015-01-21,24.08774646055574,24.554246333501226,23.93740524529204,24.220401763916016,194303600
2015-01-22,24.377367950769774,24.865976329232264,24.257979226331894,24.850500106811523,215185600
2015-01-23,24.828388099109983,25.148967671640268,24.65814798873508,24.978729248046875,185859200
2015-01-26,25.146767420334676,25.283843780112186,24.938944039308314,25.00527000427246,222460000
2015-01-27,24.85492186783158,24.868188406556055,24.10542737099762,24.12974739074707,382274800
2015-01-28,26.006803997515984,26.115139261615074,25.49387550354004,25.49387550354004,585908400
2015-01-29,25.717175801492044,26.35170438968202,25.549147013680603,26.287588119506836,337745600
2015-01-30,26.1770402105141,26.530783655227438,25.83435024692136,25.902889251708984,334982000
2015-02-02,26.099668665327968,26.347288324029396,25.664121204070383,26.2278995513916,250956400
2015-02-03,26.199155053408013,26.329597294229444,26.00238516305495,26.232318878173828,207662800
2015-02-04,26.19914938407123,26.643540491492367,26.157141769339244,26.433504104614258,280598800
2015-02-05,26.639930924608485,26.68654452657153,26.46902059335366,26.622175216674805,168984800
2015-02-06,26.63993133480039,26.690983441173188,26.29145037133095,26.397993087768555,174826400
2015-02-09,26.31364385422298,26.599973867144346,26.287007755920143,26.573339462280273,155559200
2015-02-10,26.67322452285019,27.112710874686844,26.67100611784984,27.08385467529297,248034000
2015-02-11,27.250330865812547,27.727550500448018,27.190401745853304,27.718671798706055,294247200
2015-02-12,27.980584954105176,28.295772909406395,27.87182383146466,28.06937026977539,297898000
2015-02-13,28.251377281411806,28.251377281411806,27.88957913704015,28.206985473632812,217088800
2015-02-17,28.297994557330423,28.606523945663774,28.17147601836981,28.373462677001953,252609600
2015-02-18,28.3290668243225,28.584323979973842,28.289113515668905,28.571006774902344,179566800
2015-02-19,28.517730760460264,28.639810768780958,28.484437752226324,28.511072158813477,149449600
2015-02-20,28.54881066804694,28.744138717651367,28.422293826373803,28.744138717651367,195793600
2015-02-23,28.859556618124714,29.52100372314453,28.7796500064065,29.52100372314453,283896400
2015-02-24,29.507684932021636,29.654180943439172,29.114810496630156,29.336772918701172,276912400
2015-02-25,29.20137905755122,29.21025945210493,28.44448629856083,28.5865421295166,298846800
2015-02-26,28.586539620727553,29.048221877535564,28.1026631532394,28.948339462280273,365150000
2015-02-27,28.855122580476568,28.981642820569654,28.46446983250952,28.513301849365234,248059200
2015-03-02,28.68863674081051,28.917257714293886,28.477773163611293,28.653121948242188,192386800
2015-03-03,28.624278662306626,28.748577090756346,28.431169030292523,28.713062286376953,151265200
2015-03-04,28.65535345186147,28.75745428150458,28.48222301300734,28.531051635742188,126665200
2015-03-05,28.539931411738248,28.577664620734428,27.913997388365356,28.058273315429688,226068400
2015-03-06,28.499972303950454,28.71527611422263,28.02497457188601,28.100440979003906,291368400
2015-03-09,28.4023136222176,28.759674979569876,27.75862220746112,28.220304489135742,354114000
2015-03-10,28.058274175841376,28.238063218815654,27.478952044658584,27.636545181274414,275426400
2015-03-11,27.68981472769633,27.69425323143729,27.103834014425015,27.132688522338867,275756000
2015-03-12,27.148226659267223,27.723110284120327,26.997292125853967,27.623226165771484,193450800
2015-03-13,27.612121773416437,27.834084164370847,27.208150289616952,27.432331085205078,207309200
2015-03-16,27.496705511084336,27.73420524597168,27.272524673677072,27.73420524597168,143497200
2015-03-17,27.94506973590977,28.260255973996387,27.889579129481607,28.19810676574707,204092400
2015-03-18,28.189229322482216,28.66866899625074,28.049393597685892,28.515514373779297,261083600
2015-03-19,28.57766014921899,28.688641353681977,28.278011235856685,28.300207138061523,183238000
2015-03-20,28.46667969541809,28.499972702883888,27.780816646601348,27.945068359375,274780400
2015-03-23,28.21586594437631,28.377897577031884,28.08268712580474,28.235841751098633,150838800
2015-03-24,28.240272707970803,28.42005998996217,28.091556635017813,28.120412826538086,131369200
2015-03-25,28.087121270477027,28.149270469250517,27.385719299316406,27.385719299316406,206620800
2015-03-26,27.2481090167944,27.71866829557392,27.21259421431497,27.57661247253418,190291600
2015-03-27,27.649864859016528,27.678719370518944,27.28140803888718,27.356874465942383,158184800
2015-03-30,27.534441806126317,28.056053209901737,27.523343006570627,28.049394607543945,188398800
2015-03-31,27.987240686916746,28.076025993483867,27.603246649164333,27.618783950805664,168362400
2015-04-01,27.705347314713894,27.77193671356621,27.32357170729665,27.578828811645508,162485600
2015-04-02,27.751964457954504,27.86960428383157,27.565516815456306,27.816333770751953,128880400
2015-04-06,27.627663195968463,28.302429168378975,27.59658859207262,28.26691436767578,148776000
2015-04-07,28.331282455271303,28.437823465920474,27.96282572773791,27.969484329223633,140049200
2015-04-08,27.93397534112858,28.05605537189241,27.73864898534564,27.87848472595215,149316800
2015-04-09,27.933972955386533,28.096006282976266,27.669838801244122,28.09156608581543,129936000
2015-04-10,27.95617052668988,28.235843694120984,27.80301758429594,28.211427688598633,160752000
2015-04-13,28.493317452506428,28.537712650185725,28.1026647758263,28.155935287475586,145460400
2015-04-14,28.189234214795178,28.253603535506244,27.947295930841886,28.03386116027832,102098400
2015-04-15,28.05827110428417,28.218082628633795,27.96948579513065,28.140396118164062,115881600
2015-04-16,28.02942089037939,28.211430050962143,27.99168767629939,28.0050048828125,113476000
2015-04-17,27.86738231870997,27.998339332768015,27.6254424019684,27.68981170654297,207828000
2015-04-20,27.871823290311784,28.437826491521815,27.783037976365403,28.322406768798828,188217200
2015-04-21,28.433394001099803,28.455588216159526,28.11598590515108,28.16925811767578,129740400
2015-04-22,28.18701463633331,28.604303485768572,28.038300182344283,28.548812866210938,150618000
2015-04-23,28.477782421911698,28.948341722354005,28.442267617797302,28.781869888305664,183083600
2015-04-24,28.963876628181755,28.994951230673138,28.68420181888168,28.91726303100586,178103600
2015-04-27,29.367849091296165,29.54985991281968,29.110371855087372,29.443315505981445,387816800
2015-04-28,29.84507144971857,29.86282546463072,28.75967524351649,28.979415893554688,475696000
2015-04-29,28.890639020246866,29.20804376083708,28.477788646098105,28.553255081176758,253544400
2015-04-30,28.553243280125844,28.553243280125844,27.65207646920177,27.778594970703125,332781600
2015-05-01,27.98946245844296,28.88397248578845,27.811893528132792,28.622055053710938,234050400
2015-05-04,28.74413902280673,28.981640484449706,28.468904348794748,28.56656837463379,203953200
2015-05-05,28.4444899594742,28.511079379684627,27.91843997488117,27.922880172729492,197085600
2015-05-06,28.091563086034366,28.133736487363592,27.381284025661873,27.747522354125977,288564000
2015-05-07,27.809937979380642,28.101924546751007,27.64277075933011,27.91915512084961,175763600
2015-05-08,28.235660267995307,28.44517707824707,28.108613238494627,28.44517707824707,222201600
2015-05-11,28.39390061795966,28.431791434643817,28.001614520283567,28.15540885925293,168143200
2015-05-12,27.994927891644913,28.280226251224054,27.821074310058396,28.05510902404785,192640000
2015-05-13,28.117523377682865,28.34932876572444,28.055114561770264,28.086318969726562,138776800
2015-05-14,28.398366783312017,28.741615295410156,28.34264437932672,28.741615295410156,180814000
2015-05-15,28.76835795231079,28.861971162025597,28.576672789268603,28.70149040222168,152832000
2015-05-18,28.614564345788143,29.136125128096882,28.61010560206051,29.017993927001953,203531600
2015-05-19,29.129443367583054,29.17179293720011,28.89540859934834,28.991252899169922,178532800
2015-05-20,28.97564656274828,29.19407740762655,28.828538617799044,28.9890193939209,145819600
2015-05-21,28.991250840461213,29.33895805953567,28.937756114055425,29.285463333129883,158921600
2015-05-22,29.3322728259551,29.63763049072573,29.287692184974375,29.541786193847656,182384000
2015-05-26,29.555168568468666,29.624263814911565,28.77951014775368,28.890954971313477,282790400
2015-05-27,29.051428192419124,29.47937579485799,28.986791708108267,29.430339813232422,183332800
2015-05-28,29.390226139921843,29.410285389960727,29.220831248994983,29.372394561767578,122933200
2015-05-29,29.24979600702335,29.298831982306186,28.953352484095202,29.03805160522461,203538000
2015-06-01,29.038054419236087,29.285461990857094,28.986790767754286,29.096004486083984,128451200
2015-06-02,28.944445517950438,29.12275789002009,28.824086622393153,28.96673583984375,134670400
2015-06-03,29.12275218082411,29.185160988660087,28.953353930105084,29.002389907836914,123934000
2015-06-04,28.882030437775946,29.10492000429588,28.732694836330577,28.83299446105957,153800400
2015-06-05,28.864197319458214,28.90654687899434,28.61010336326613,28.674739837646484,142507200
2015-06-08,28.730463190307695,28.799561811409987,28.26908356535739,28.485286712646484,210699200
2015-06-09,28.240112017725373,28.54770075816988,27.99939253889353,28.400592803955078,224301600
2015-06-10,28.512035774669872,28.82853858245965,28.496433571483404,28.726011276245117,156349200
2015-06-11,28.79287335531546,29.015762927910345,28.636851334704033,28.66136932373047,141563600
2015-06-12,28.57222179993837,28.603426211645274,28.331500594902593,28.344873428344727,147544800
2015-06-15,28.106378922142444,28.360472936450034,28.01945211201157,28.289148330688477,175955600
2015-06-16,28.31366307517019,28.496432462748732,28.16655683663748,28.440710067749023,125976400
2015-06-17,28.46745736198288,28.503118810431552,28.249024825876823,28.373844146728516,131672400
2015-06-18,28.358247343232414,28.598966842500325,28.35601797086976,28.503124237060547,141628800
2015-06-19,28.465226772537775,28.489744761271798,28.17324198008486,28.217819213867188,218867600
2015-06-22,28.416198112881755,28.543245132442575,28.324814249940836,28.44294548034668,136157200
2015-06-23,28.413964815416577,28.442939849048923,28.280229705082498,28.313663482666016,121075600
2015-06-24,28.353785163401824,28.93107009846418,28.333725916106733,28.554386138916016,221123600
2015-06-25,28.721552677138014,28.797334321422557,28.41842269897461,28.41842269897461,127752400
2015-06-26,28.456320731240716,28.527645350026777,28.197769625833637,28.251262664794922,176267200
2015-06-29,27.963730430215445,28.188849413776683,27.74529956342408,27.75644302368164,196645600
2015-06-30,27.988243283205183,28.110833227113076,27.829991892304744,27.95703887939453,177482800
2015-07-01,28.284686765053145,28.293602551912105,28.081856440164884,28.217819213867188,120955200
2015-07-02,28.179931959051952,28.237883730708184,28.032824008042905,28.182161331176758,108844000
2015-07-06,27.847826850037865,28.13535463481475,27.827765902000436,28.084089279174805,112241600
2015-07-07,28.05956899589914,28.117520762647978,27.587042475701974,28.014991760253906,187787200
2015-07-08,27.74529618543428,27.780957634634593,27.31288984798471,27.319576263427734,243046400
2015-07-09,27.60488614032681,27.651692768408047,26.5729075486005,26.76236343383789,314380000
2015-07-10,27.179153965422657,27.60487214819412,27.016443835554426,27.477825164794922,245418000
2015-07-13,27.867886872018197,28.03059703090678,27.709635457489693,28.00830841064453,165762000
2015-07-14,28.093002544204097,28.166556512881268,27.87011296676723,27.997159957885742,127072400
2015-07-15,28.021675161814606,28.340407293884716,27.99047076011647,28.26685333251953,134596800
2015-07-16,28.471911404138147,28.65691184423295,28.38498461334878,28.643535614013672,144889600
2015-07-17,28.770596058320383,28.890954971313477,28.598970077750984,28.890954971313477,184658800
2015-07-20,29.191843308577347,29.637622388313094,29.131662180526167,29.437023162841797,235600800
2015-07-21,29.610886085568794,29.626486589754826,29.04697564365271,29.1428165435791,307025600
2015-07-22,27.190304050904626,27.97264708701165,27.190304050904626,27.91023826599121,461802400
2015-07-23,28.12866186185851,28.327033434711627,27.874567898866598,27.89685821533203,203998000
2015-07-24,27.932519507964106,28.026132714762245,27.61601674182999,27.7497501373291,168649200
2015-07-27,27.435477505696046,27.551381039244013,27.21927604215904,27.364152908325195,177822000
2015-07-28,27.5001163482666,27.618249256588875,27.31511928535405,27.5001163482666,134472400
2015-07-29,27.448855902988303,27.52686692664547,27.252711957207104,27.413192749023438,148046800
2015-07-30,27.263848739167315,27.319571124728114,27.127885982357984,27.274993896484375,134513200
2015-07-31,27.326264013442472,27.335179801306126,26.94958175415086,27.036508560180664,171540000
2015-08-03,27.081087606434046,27.3195794210381,26.193986210689026,26.399045944213867,279904000
2015-08-04,26.1717016499766,26.234110478356683,25.24225224050242,25.55206871032715,496554400
2015-08-05,25.175379798653793,26.176155333337917,24.98592397756085,25.721460342407227,397250400
2015-08-06,25.965510942769974,26.08417688188036,25.55129903349801,25.777435302734375,211612000
2015-08-07,25.654290296722888,26.028200378207167,25.636378006922328,25.86475372314453,154681600
2015-08-10,26.09088763872919,26.86557611627786,26.09088763872919,26.805124282836914,219806400
2015-08-11,26.377479640744433,26.460322694112065,25.374415397109164,25.41023826599121,388331200
2015-08-12,25.195300113081718,25.842366697447588,24.545994065223155,25.802064895629883,404870000
2015-08-13,25.981175606121347,26.06177918249208,25.645327940646474,25.781906127929688,194143200
2015-08-14,25.596076779334183,26.041634321739092,25.526668790072872,25.96327018737793,171718000
2015-08-17,25.981181919757336,26.341658638289204,25.86027652582025,26.231948852539062,163538800
2015-08-18,26.0684984708707,26.294636399882883,25.974461525098807,26.084171295166016,138242800
2015-08-19,25.994613097621496,26.088650048930123,25.676677667077175,25.750564575195312,193146000
2015-08-20,25.54233904929411,25.602790887378635,24.99378674748932,25.222164154052734,274006400
2015-08-21,24.725103941097263,25.05423490981031,23.65486970828169,23.67949867248535,513102000
2015-08-24,21.24124891448916,24.360154736085217,20.5986596770011,23.088411331176758,648825200
2015-08-25,24.87736264336672,24.87736264336672,23.17349490994939,23.227230072021484,414406400
2015-08-26,23.977280478173597,24.60419672439243,23.520529214116536,24.559417724609375,387098400
2015-08-27,25.1281287694697,25.354265018824652,24.633311593791372,25.282617568969727,338464400
2015-08-28,25.11470007922259,25.36994429094483,24.973644606916213,25.365467071533203,212657600
2015-08-31,25.08334141563656,25.643087503491376,25.07662473589582,25.246788024902344,224917200
2015-09-01,24.662422552380185,25.04976603903785,24.037745470699917,24.118349075317383,307383600
2015-09-02,24.68033710595032,25.152761459350586,24.434047342486743,25.152761459350586,247555200
2015-09-03,25.186337380274008,25.25126813889937,24.637786834528608,24.711673736572266,212935600
2015-09-04,24.398218822029126,24.729587631900316,24.29522572121998,24.46538734436035,199985200
2015-09-08,25.020655451685165,25.202012676117203,24.700480552968315,25.146038055419922,219374400
2015-09-09,25.47069005988445,25.528902431337823,24.577333947496935,24.662416458129883,340043200
2015-09-10,24.68929065235671,25.363225719627625,24.606449287830657,25.20425796508789,251571200
2015-09-11,25.029607813885058,25.571441650390625,25.022891133729885,25.571441650390625,199662000
2015-09-14,26.102085797261235,26.171493781000002,25.716980129659266,25.817733764648438,233453600
2015-09-15,25.956553696483464,26.090892457549067,25.61846647637051,26.0349178314209,173364800
2015-09-16,26.02819367913105,26.093124431788862,25.846836489155123,26.06401824951172,148694000
2015-09-17,25.896103977366394,26.08193845312514,25.461740296333076,25.506519317626953,256450400
2015-09-18,25.123647725549066,25.591596427514062,25.047523063835897,25.401281356811523,297141200
2015-09-21,25.450535774855613,25.831164155409084,25.448298020321634,25.795339584350586,200888000
2015-09-22,25.385617736698105,25.56473726529294,25.19306484133231,25.39009666442871,201384800
2015-09-23,25.4415845547681,25.685634794748932,25.367699352030687,25.5960750579834,143026800
2015-09-24,25.356504883973493,25.86027650418489,25.15947482080196,25.748327255249023,200878000
2015-09-25,26.070744394309656,26.12671902469372,25.52890867395218,25.683399200439453,224607600
2015-09-28,25.49084400853499,25.65205120264022,25.175148010253906,25.175148010253906,208436000
2015-09-29,25.26246560181892,25.4147166346998,24.149689896408503,24.418367385864258,293461600
2015-09-30,24.666895064629845,24.973636596352218,24.344482415888265,24.696002960205078,265892000
2015-10-01,24.420605159944234,24.543749997216835,24.026543388881606,24.534793853759766,255716400
2015-10-02,24.183272806944387,24.854968177613188,24.08027972176033,24.713911056518555,232079200
2015-10-05,24.601959768252577,24.93556967099725,24.420602579983388,24.803468704223633,208258800
2015-10-06,24.76988339439259,25.01841079535719,24.577330602506333,24.922134399414062,192787200
2015-10-07,25.018410999856254,25.025127679687035,24.49672893722113,24.803468704223633,187062400
2015-10-08,24.671376269120408,24.671376269120408,24.228056487373365,24.51688575744629,247918400
2015-10-09,24.628827447419816,25.13931559756191,24.514638769137672,25.103492736816406,211064400
2015-10-12,25.240078386513723,25.244555604853414,24.951249119619337,24.987071990966797,121868800
2015-10-13,24.812435458374505,25.17738945367442,24.781089800285447,25.029617309570312,132197200
2015-10-14,24.917660669581448,24.969156360543135,24.53031556893734,24.67584991455078,177849600
2015-10-15,24.83705672367578,25.099017517047702,24.738540852714827,25.0452823638916,150694000
2015-10-16,25.02736533848265,25.076623264637405,24.747492310975538,24.86168098449707,156930400
2015-10-19,24.807948691689624,25.020651533748616,24.65345821612934,25.01617431640625,119036800
2015-10-20,24.928861232729083,25.562494475545375,24.812434750037745,25.47293472290039,195871200
2015-10-21,25.52442492668545,25.878184910201075,25.45725470412081,25.47068977355957,167180800
2015-10-22,25.598314448531912,25.860275268554688,25.546817044869623,25.860275268554688,166616400
2015-10-23,26.128951436563945,26.69541601510384,26.04611009379128,26.66183090209961,237467600
2015-10-26,26.437930546211405,26.449124444276887,25.730410593220945,25.81101417541504,265335200
2015-10-27,25.83788108704873,26.093125179592686,25.52218345730723,25.647567749023438,279537600
2015-10-28,26.180450754337446,26.711090795666422,25.985658451219486,26.70437240600586,342205600
2015-10-29,26.57675364071474,27.02231292542602,26.480477208786336,26.986488342285156,204909200
2015-10-30,27.08947524439327,27.140972643796445,26.744671397677827,26.75586700439453,197461200
2015-11-02,27.04693442912581,27.17231701906884,26.78049471728719,27.132015228271484,128813200
2015-11-03,27.04469827373439,27.649223501416767,27.024546521766375,27.4432373046875,182076000
2015-11-04,27.56861359401645,27.723104060274697,27.230528188212613,27.315608978271484,179544400
2015-11-05,27.39880657339747,27.587687217703923,27.023296049131204,27.18968963623047,158210800
2015-11-06,27.232425403237052,27.389824582325733,27.122245977874975,27.221181869506836,132169200
2015-11-09,27.198688386196107,27.389816393813046,26.994069514554077,27.110994338989258,135485600
2015-11-10,26.28577279433153,26.5488549640257,26.09689210021531,26.256540298461914,236511600
2015-11-11,26.166596587071624,26.402695289372794,25.9057617744091,26.10813331604004,180872000
2015-11-12,26.141860156121886,26.267779454208373,26.004697328339777,26.020437240600586,130102400
2015-11-13,25.90351454011813,25.986712211818396,25.24468374568876,25.26042366027832,183249600
2015-11-16,25.04455443796857,25.687645143165863,24.95910945561818,25.67415428161621,152426800
2015-11-17,25.840556969587904,25.869789467274707,25.480786238813977,25.563983917236328,110467600
2015-11-18,26.029435702858247,26.418437186317135,25.970972427437328,26.37346649169922,186698800
2015-11-19,26.45216886984242,26.926617125113335,26.25429539081163,26.708505630493164,173183200
2015-11-20,26.80293523007651,26.964832432913365,26.72423567745348,26.825422286987305,137148400
2015-11-23,26.81868569944101,26.922121398494113,26.384711749234285,26.476903915405273,129930000
2015-11-24,26.382462266997976,26.836672480783694,26.335242520677838,26.730989456176758,171212800
2015-11-25,26.805189057323886,26.809687155716535,26.515123469785976,26.539857864379883,85553200
2015-11-27,26.598315183683518,26.625298621436436,26.443163418766883,26.49038314819336,52185600
2015-11-30,26.53086387650366,26.850161962966027,26.47689870344151,26.600570678710938,156721200
2015-12-01,26.70176132452119,26.715252191802236,26.27678184994533,26.38471221923828,139409600
2015-12-02,26.38470816546962,26.557848941412235,26.10138970296319,26.146360397338867,133546400
2015-12-03,26.207073057309465,26.26103823435552,25.683156055067965,25.903514862060547,166278000
2015-12-04,25.923754605920347,26.814187806460918,25.88328029155386,26.764719009399414,231108000
2015-12-07,26.753472087127797,26.951345522090133,26.4903882361906,26.596071243286133,128336800
2015-12-08,26.42517943806766,26.668025277025105,26.27677479127488,26.584829330444336,137238000
2015-12-09,26.452163563483015,26.463407093835222,25.876530492305037,25.997953414916992,185445600
2015-12-10,26.092393215374774,26.294764755553963,25.97321934046978,26.121623992919922,116850800
2015-12-11,25.901271322602433,25.946242024141817,25.37510519387569,25.449308395385742,187544800
2015-12-14,25.22444479210586,25.336873231771957,24.687036987743678,25.291902542114258,257274800
2015-12-15,25.170485953926132,25.36386305604432,24.812962533769102,24.84444236755371,213292400
2015-12-16,24.974853819286913,25.181721739036185,24.464429451891355,25.035564422607422,224954000
2015-12-17,25.188467206019784,25.24018504378991,24.50490379333496,24.50490379333496,179091200
2015-12-18,24.489168477940314,24.626329623645198,23.792110639367774,23.84157943725586,385813200
2015-12-21,24.12264852785154,24.14288654140147,23.73814342562327,24.133892059326172,190362400
2015-12-22,24.149633498233573,24.221587643855155,23.936018395387947,24.111408233642578,131157600
2015-12-23,24.120394258633066,24.47566850387436,24.104654347288033,24.421703338623047,130629600
2015-12-24,24.50940559649959,24.50940559649959,24.273305131608815,24.29129409790039,54281600
2015-12-28,24.19236137730594,24.214848447466142,23.875313931213665,24.019222259521484,106816800
2015-12-29,24.050696041301666,24.60609291012418,24.028210692327598,24.45094108581543,123724800
2015-12-30,24.414959620199003,24.441941346956686,24.10015965569233,24.13163948059082,100855200
2015-12-31,24.06194141393159,24.066437797861447,23.569504170781183,23.668441772460938,163649200
2016-01-04,23.072565621128955,23.69317111790165,22.935402780981335,23.68867301940918,270597600
2016-01-05,23.77861399486199,23.80109933875041,23.027592872753676,23.095048904418945,223164000
2016-01-06,22.61160946546592,23.018601623728564,22.456459369988686,22.643089294433594,273829600
2016-01-07,22.1888762678676,22.514918047091673,21.682948304264993,21.68744468688965,324377600
2016-01-08,22.159645434850617,22.285564734277752,21.75715142787112,21.802122116088867,283192000
2016-01-11,22.254088957891458,22.2743252566143,21.88757109170476,22.1551513671875,198957600
2016-01-12,22.609366317618043,22.64084615241402,22.224859435211403,22.476699829101562,196616800
2016-01-13,22.557645994841828,22.75327213152083,21.878578855815334,21.898815155029297,249758400
2016-01-14,22.026981809633032,22.593622160679065,21.52779921507601,22.377758026123047,252680400
2016-01-15,21.631230331125874,21.970764687107888,21.442351382699396,21.840347290039062,319335600
2016-01-19,22.128160538338562,22.182125694935696,21.473826366952867,21.734661102294922,212350800
2016-01-20,21.383888277826035,22.078696907422867,21.006128662589358,21.763896942138672,289337600
2016-01-21,21.824612792458826,22.008995404035435,21.347917205004382,21.653722763061523,208646000
2016-01-22,22.177634126383563,22.813979527720896,22.119172570994266,22.80498504638672,263202000
2016-01-25,22.8274708513021,22.829719900561372,22.308051981335268,22.359769821166992,207178000
2016-01-26,22.469943815855405,22.6835571250423,22.05170996131301,22.483434677124023,300308000
2016-01-27,21.59525784779332,21.7279226012767,20.988143161324587,21.006132125854492,533478800
2016-01-28,21.08933182214295,21.253476421530294,20.77453177477587,21.156787872314453,222715200
2016-01-29,21.31418722953494,21.887571334838867,21.21524963773195,21.887571334838867,257666000
2016-02-01,21.69194163910943,21.745906805363436,21.45134486663825,21.682947158813477,163774000
2016-02-02,21.455846373516206,21.595258278117893,21.19950962818435,21.244482040405273,149428800
2016-02-03,21.361402524248767,21.775138339162716,21.154534616791793,21.664958953857422,183857200
2016-02-04,21.671740451478744,22.004073903550463,21.520269281773988,21.83903694152832,185886800
2016-02-05,21.820950772345686,21.91138191520352,21.18115418813304,21.25575828552246,185672400
2016-02-08,21.054552119367372,21.63556998812339,21.03420601561399,21.479578018188477,216085600
2016-02-09,21.31679679028144,21.689824119683266,21.23540894659994,21.47504997253418,177324800
2016-02-10,21.685308095798124,21.782521286759618,21.27384797413499,21.312280654907227,169374400
2016-02-11,21.203766104741266,21.41401782406949,20.93247261779755,21.18341827392578,200298800
2016-02-12,21.29419027516161,21.36427358364902,21.027419382584206,21.248973846435547,161405600
2016-02-16,21.48183622031741,21.89555755273619,21.38914554533407,21.848081588745117,196231600
2016-02-17,21.85485798620839,22.20301669051147,21.73729873305044,22.18267059326172,179452800
2016-02-18,22.345450053357183,22.356754593391262,21.723738297757137,21.76217269897461,156084000
2016-02-19,21.703389575358738,21.875208559116185,21.65817487034225,21.712432861328125,141496800
2016-02-22,21.773474213484594,21.906860533629825,21.685304325943907,21.9023380279541,137123200
2016-02-23,21.79382958382839,21.81643694554148,21.375587355227243,21.407238006591797,127770400
2016-02-24,21.24671768551952,21.789301117570563,21.09750603432402,21.72599983215332,145022800
2016-02-25,21.714687780682894,21.875202178955078,21.533825563706667,21.875202178955078,110330800
2016-02-26,21.974685190956883,22.16006827445675,21.83451854540256,21.90912437438965,115964400
2016-02-29,21.897822942876612,22.207549118665032,21.850346969915936,21.859390258789062,140865200
2016-03-01,22.076418865566318,22.781777984759973,22.024420397887784,22.727519989013672,201628400
2016-03-02,22.72299801905567,22.808906651561315,22.52631042312505,22.77725601196289,132678400
2016-03-03,22.738823174705715,22.994289542428934,22.709432063268995,22.946813583374023,147822800
2016-03-04,23.143505499426116,23.455491170685054,22.917428476094212,23.28819465637207,184220400
2016-03-07,23.148025368283808,23.24749980657361,22.82473516867268,23.030466079711914,143315600
2016-03-08,22.784041658436184,23.00559789558876,22.698133012307633,22.840560913085938,126247600
2016-03-09,22.90385814664647,22.96489989676454,22.66873788195745,22.860904693603516,108806800
2016-03-10,22.926469270526752,23.114111868612827,22.641611769157,22.872209548950195,134054400
2016-03-11,23.114112671575178,23.123155958818757,22.946816169645622,23.118635177612305,109632800
2016-03-14,23.039510449350633,23.265587474386763,23.010119332204216,23.17741584777832,100304400
2016-03-15,23.50296290594165,23.778777100707952,23.47809429986728,23.643131256103516,160270800
2016-03-16,23.649909783983095,24.03423990753149,23.645387279096038,23.957374572753906,153214000
2016-03-17,23.855648015777817,24.07042223430001,23.729045427903444,23.9189510345459,137682800
2016-03-18,24.041029280458684,24.077202431278902,23.78104208946911,23.946077346801758,176820800
2016-03-21,23.948337919980663,24.33719065610366,23.769736873745998,23.943817138671875,142010800
2016-03-22,23.7946043981686,24.255801688020146,23.785561111132616,24.126937866210938,129777600
2016-03-23,24.072685324609076,24.206069957750973,23.94156022011529,23.99355697631836,102814000
2016-03-24,23.8443421733565,24.020681962615026,23.7132170955071,23.889556884765625,104532000
2016-03-28,23.964160087743476,24.007115266261604,23.751647172755465,23.781038284301758,77645600
2016-03-29,23.71321250417818,24.368836041653328,23.71095125159634,24.34396743774414,124760400
2016-03-30,24.563268005803202,24.96342356311957,24.55196346512961,24.768997192382812,182404400
2016-03-31,24.80517180085156,24.845865734905658,24.61526620032215,24.640134811401367,103553600
2016-04-01,24.59265606401662,24.86847028312969,24.461530988564398,24.866209030151367,103496000
2016-04-04,24.963428146395394,25.363585502011237,24.929516242979144,25.12168312072754,149424800
2016-04-05,24.75769938584422,25.033513675711152,24.73735155348086,24.82552146911621,106314800
2016-04-06,24.92047117717879,25.090028945605624,24.68761039301472,25.085506439208984,105616400
2016-04-07,24.85716642817889,24.963422898290155,24.443446812937044,24.53839874267578,127207600
2016-04-08,24.622046210702788,24.816470838432103,24.454747993494127,24.565526962280273,94326800
2016-04-11,24.63560880698267,25.0063749165034,24.60395816774289,24.64691162109375,117630000
2016-04-12,24.719264677422768,24.981514892447922,24.565533933922453,24.96795082092285,108929200
2016-04-13,25.04933303960668,25.397490112175344,25.04933303960668,25.329668045043945,133029200
2016-04-14,25.234719006099134,25.40879756231934,25.169156459648935,25.34323501586914,101895600
2016-04-15,25.34549689092723,25.388452080131696,24.807434160943167,24.834562301635742,187756000
2016-04-18,24.617529101873007,24.631093172522302,24.176679557461316,24.29876136779785,243286000
2016-04-19,24.389188433895217,24.41631829738695,24.01616272866088,24.16989517211914,129539600
2016-04-20,24.108853935186644,24.436664933233505,23.977728846035568,24.21963119506836,122444000
2016-04-21,24.174408236916204,24.174408236916204,23.855638910757985,23.957374572753906,126210000
2016-04-22,23.740353500010787,24.072687067432923,23.6521835810822,23.89182472229004,134732400
2016-04-25,23.738081793961914,23.885032169081093,23.62730456187594,23.756168365478516,112126400
2016-04-26,23.49166421544458,23.80591113845957,23.49166421544458,23.591136932373047,224064800
2016-04-27,21.703400306189707,22.316069003686767,21.63105570749566,22.11486053466797,458408400
2016-04-28,22.067382516346203,22.128422565146735,21.307763437766653,21.438888549804688,328970800
2016-04-29,21.24897644830206,21.414013414907235,20.91438345891135,21.19245719909668,274126000
2016-05-02,21.24445904522221,21.269327656813207,20.889518172769012,21.16985321044922,192640400
2016-05-03,21.296454851931436,21.644613673926738,21.17889555903354,21.51801109313965,227325200
2016-05-04,21.52253365246713,21.680788616353926,21.21054795625804,21.29419708251953,164102000
2016-05-05,21.38063073917821,21.396552416060036,21.080392164169012,21.207765579223633,143562000
2016-05-06,21.237336027241078,21.255530990193993,20.891605701145775,21.08949089050293,174799600
2016-05-09,21.153165088700035,21.32830343395303,21.05990836664013,21.10540008544922,131745600
2016-05-10,21.22823492885758,21.282823281311984,20.950741389604683,21.24870491027832,134747200
2016-05-11,21.262351491200416,21.282821470879867,21.03034797617292,21.04172134399414,114876400
2016-05-12,21.089479781318467,21.103126430177753,20.350256222356943,20.548139572143555,305258800
2016-05-13,20.47081528916561,20.850662223051433,20.47081528916561,20.58909034729004,177571200
2016-05-16,21.01442543613503,21.46933236491437,20.846110358379693,21.353330612182617,245039200
2016-05-17,21.505725491322284,21.539842122301142,21.155446952171033,21.264623641967773,187667600
2016-05-18,21.417023219617608,21.65584836263633,21.355609800460968,21.50800323486328,168249600
2016-05-19,21.526198945289668,21.526198945289668,21.282823771465388,21.426118850708008,121768400
2016-05-20,21.526197671292028,21.70588613259609,21.49890262838541,21.65812110900879,128104000
2016-05-23,21.80596477748378,22.10620328824832,21.760473042318086,21.933338165283203,152074400
2016-05-24,22.113022260128254,22.3109056293014,22.02658884800029,22.267690658569336,140560800
2016-05-25,22.44283273539829,22.686207870935945,22.31545935166485,22.65891456604004,152675200
2016-05-26,22.67255838819598,22.911385188214826,22.43600660841186,22.838600158691406,225324800
2016-05-27,22.61796945459403,22.852246207977387,22.574752747931566,22.824951171875,145364800
2016-05-31,22.654368302585688,22.8363317971175,22.476954849850046,22.7135066986084,169228800
2016-06-01,22.522438677649962,22.640715437250694,22.36549698538301,22.395065307617188,116693200
2016-06-02,22.199460098911132,22.2540484501803,21.978829937727227,22.226755142211914,160766400
2016-06-03,22.242680887647182,22.351857610166164,22.16534578514125,22.272249221801758,114019600
2016-06-06,22.288166708274215,23.175235654761575,22.188088354006602,22.43373680114746,93170000
2016-06-07,22.57475737303988,22.715779152130132,22.508795657110518,22.524717330932617,89638000
2016-06-08,22.522440715899357,22.645265791831612,22.445107372904335,22.50424575805664,83392400
2016-06-09,22.404165331618344,22.74307049388891,22.395066985172754,22.66573715209961,106405600
2016-06-10,22.410990330271307,22.597502107995926,22.399618697864703,22.47922706604004,126851600
2016-06-13,22.447389196827427,22.5451942831204,22.085737185527297,22.14032554626465,152082000
2016-06-14,22.135764923783608,22.399611701996726,22.006116554580743,22.1676082611084,127727600
2016-06-15,22.249492223594437,22.383690636219207,22.06980382366094,22.094823837280273,117780800
2016-06-16,21.937885363581174,22.233575553567107,21.85145367412832,22.188085556030273,125307200
2016-06-17,21.9765588530932,21.983382180768608,21.67632028804725,21.683143615722656,244032800
2016-06-20,21.835535441907616,21.965183864180645,21.61490527489348,21.630826950073242,137647600
2016-06-21,21.594429553495416,21.91513799268005,21.535291174833038,21.815059661865234,142185600
2016-06-22,21.892395822437525,22.037965899988716,21.68768735858985,21.733179092407227,116876400
2016-06-23,21.82188662145151,21.901494989448125,21.664943170735132,21.858278274536133,128960800
2016-06-24,21.132700367149738,21.530743895132012,21.073561985670825,21.244152069091797,301245600
2016-06-27,21.153179179611314,21.164552550722714,20.811998870262745,20.934823989868164,181958400
2016-06-28,21.130425171644948,21.303290273971506,20.957560069318394,21.28736686706543,161779600
2016-06-29,21.37380784593974,21.505731305833503,21.296472745703422,21.47161293029785,146124000
2016-06-30,21.480707474584726,21.783219287907485,21.44886412581391,21.744552612304688,143345600
2016-07-01,21.719530809980615,21.942435968436794,21.683139158082344,21.81051254272461,104106000
2016-07-05,21.696791923783735,21.699066944959693,21.48526007307021,21.605810165405273,110820800
2016-07-06,21.517102043514402,21.75820394800162,21.464788707162878,21.728633880615234,123796400
2016-07-07,21.76729978654905,21.949263285118278,21.749104824958152,21.821889877319336,100558400
2016-07-08,21.94697571667785,22.037957413946547,21.846897411480676,21.990192413330078,115648400
2016-07-11,22.006120385162472,22.21082882883504,22.001572079895098,22.058435440063477,95179600
2016-07-12,22.101656369381995,22.222206447769825,22.090284735483287,22.158519744873047,96670000
2016-07-13,22.15624949356272,22.2153861627327,22.026599313768493,22.033424377441406,103568800
2016-07-14,22.151690040222096,22.515615191527992,22.13576836908159,22.470125198364258,155676000
2016-07-15,22.499704533404618,22.58613799218744,22.404174459802096,22.46786117553711,120548000
2016-07-18,22.4496567664641,22.774915297565876,22.42691176655933,22.706680297851562,145975600
2016-07-19,22.645268497534165,22.74534858662166,22.595228452990415,22.71578025817871,95119600
2016-07-20,22.74535590370202,22.849984332619094,22.68621749245917,22.736257553100586,105104000
2016-07-21,22.706685337909654,22.972805540062225,22.547466832571022,22.615703582763672,130808000
2016-07-22,22.577029198351884,22.586127544295724,22.360947386682817,22.4405574798584,113254800
2016-07-25,22.34730908936503,22.48150583770534,22.044795481141104,22.14032554626465,161531600
2016-07-26,22.022046760958748,22.28361862067683,21.931065018187365,21.98792839050293,224959200
2016-07-27,23.7165765282253,23.734773225354786,23.370847959427774,23.416337966918945,369379200
2016-07-28,23.38904086214345,23.757514374908947,23.386765841538203,23.732494354248047,159479200
2016-07-29,23.698376422764657,23.78025980674225,23.582374672907697,23.702924728393555,110934800
2016-08-01,23.748417340119882,24.144185887101667,23.748417340119882,24.121440887451172,152671600
2016-08-02,24.121451007629876,24.125999315335328,23.6551705101712,23.76434898376465,135266400
2016-08-03,23.83940593077498,24.073682808742976,23.830307580569162,24.06231117248535,120810400
2016-08-04,24.14462990019436,24.240677448708052,24.076023511408614,24.210948944091797,109634800
2016-08-05,24.302419048789062,24.618006307760453,24.281838181325405,24.579130172729492,162213600
2016-08-08,24.588282941029536,24.78266716003418,24.505957703409404,24.78266716003418,112148800
2016-08-09,24.750649168770092,24.91301577419259,24.70033804559322,24.883285522460938,105260800
2016-08-10,24.860410383452997,24.903861204049058,24.64315976993789,24.698043823242188,96034000
2016-08-11,24.81696485819469,24.9107268079648,24.663745898296824,24.68204116821289,109938000
2016-08-12,24.647733632697385,24.79866696582525,24.647733632697385,24.739208221435547,74641600
2016-08-15,24.7300631952653,25.050223417235557,24.71634261616451,25.036502838134766,103472800
2016-08-16,25.070805135862713,25.208017910453925,24.97475758943519,25.013633728027344,135177600
2016-08-17,24.94959834469605,25.011344433087153,24.775796802026377,24.977041244506836,101424000
2016-08-18,24.979335317571383,25.063947894830854,24.931309793782944,24.945032119750977,87938800
2016-08-19,24.8741382751019,25.084530406646195,24.78037806249972,25.009063720703125,101472400
2016-08-22,24.89471207316497,24.94959612316698,24.66373915167164,24.814672470092773,103280800
2016-08-23,24.83297631054609,24.99991761896039,24.81925572852661,24.89243507385254,85030800
2016-08-24,24.82839690386297,24.869560383942947,24.62486684811553,24.704906463623047,94700400
2016-08-25,24.55855460240886,24.670610095106888,24.396187981841,24.59971809387207,100344800
2016-08-26,24.563119482080538,24.686608162413584,24.31156394320661,24.455636978149414,111065200
2016-08-29,24.382463338384497,24.56998549165305,24.30699665914969,24.428199768066406,99881200
2016-08-30,24.19494235533743,24.355021611699517,24.12633596276337,24.240678787231445,99455600
2016-08-31,24.16292549507847,24.371028519659294,24.158350805240275,24.263545989990234,118649600
2016-09-01,24.272690245904872,24.423623584360367,24.153774497660653,24.407615661621094,106806000
2016-09-02,24.629433286458926,24.698039650046418,24.42819062852514,24.636295318603516,107210000
2016-09-06,24.6751765670676,24.766651155933022,24.585989322725293,24.629438400268555,107521600
2016-09-07,24.659173322599212,24.871851040543895,24.48537174525884,24.780376434326172,169457200
2016-09-08,24.52653784597718,24.531110791645812,24.06687916565316,24.130910873413086,212008000
2016-09-09,23.929660602032882,24.176641464202778,23.5843448638916,23.5843448638916,186228000
2016-09-12,23.474576839413547,24.1766415511706,23.44713393971841,24.11260986328125,181171200
2016-09-13,24.585994491587748,24.878711841710718,24.524248389610946,24.686614990234375,248704800
2016-09-14,24.86499303896986,25.84834034830154,24.835262785991265,25.560195922851562,443554800
2016-09-15,26.038148864713218,26.465791668436328,25.953534544107114,26.429201126098633,359934400
2016-09-16,26.326290082769418,26.557261310484716,26.0793091861753,26.28055191040039,319547600
2016-09-19,26.342301325526172,26.56869963689273,25.89865059368618,25.974117279052734,188092000
2016-09-20,25.852910795148613,26.097604345917137,25.729420347368304,25.971826553344727,138057200
2016-09-21,26.035857370172934,26.067873217249353,25.713411554693913,25.967252731323242,144012800
2016-09-22,26.150200392752776,26.285125816302454,26.070160774409487,26.211946487426758,124296000
2016-09-23,26.166202413095668,26.250816701816174,25.50987594602091,25.775150299072266,209924800
2016-09-26,25.530471358772132,25.930671332993864,25.509890483284202,25.814041137695312,119477600
2016-09-27,25.841477769040566,25.88264125474517,25.69054440654601,25.862058639526367,98429600
2016-09-28,25.9992683528483,26.21651899108683,25.939809603908138,26.058725357055664,118564400
2016-09-29,25.878066233039693,26.024424893860175,25.56705364261295,25.653953552246094,143548000
2016-09-30,25.717989362218418,25.926094152296972,25.56705773242428,25.852914810180664,145516400
2016-10-03,25.7751593583521,25.852913386481216,25.676824459229802,25.731708526611328,86807200
2016-10-04,25.855195111686786,26.141052130858036,25.756860227302564,25.841474533081055,118947200
2016-10-05,25.932954443005826,25.992413203704434,25.770587832208175,25.852914810180664,85812400
2016-10-06,26.001553066930768,26.147911717233303,25.871202339482174,26.04500389099121,115117200
2016-10-07,26.14105278343529,26.19822418869675,25.958105333438315,26.083881378173828,97433600
2016-10-10,26.303417585898913,26.69904445123124,26.234812951065138,26.538965225219727,144944000
2016-10-11,26.916304190285214,27.142704272655436,26.573275665796956,26.596145629882812,256164000
2016-10-12,26.83625455336549,26.98032759661097,26.699043543629553,26.833967208862305,150347200
2016-10-13,26.708191404904703,26.856837393692825,26.463497882954783,26.75164222717285,140769600
2016-10-14,26.957462853376438,27.023781898930597,26.785948621860403,26.900291442871094,142608800
2016-10-17,26.831690749018982,26.948319187419795,26.7059129294888,26.882001876831055,94499600
2016-10-18,27.026073209034124,27.032933500144,26.859131898183037,26.863706588745117,98214000
2016-10-19,26.813391301128977,26.930021466102616,26.024426540694705,26.783662796020508,80138400
2016-10-20,26.724202994273142,26.843118754782015,26.602999888927684,26.769939422607422,96503200
2016-10-21,26.712761462807777,26.735631416098357,26.5915583871906,26.664737701416016,92770800
2016-10-24,26.779083671080933,26.925442316923476,26.756215459805414,26.904861450195312,94154800
2016-10-25,26.97347162553453,27.06723357917939,26.82711294962361,27.042078018188477,192516000
2016-10-26,26.14105757864382,26.45893051062822,25.912371915648823,26.433774948120117,264536800
2016-10-27,26.388036578780813,26.495519111665708,26.093031885777496,26.179933547973633,138248000
2016-10-28,26.040431502214226,26.34686938759582,25.944382218308068,26.006128311157227,151446800
2016-10-31,25.990127105986986,26.122765215168037,25.88721750621552,25.9649715423584,105677600
2016-11-01,25.94667342040158,26.01756541298802,25.276624401773685,25.49616241455078,175303200
2016-11-02,25.475580532320077,25.692831191466432,25.43670439242786,25.51902961730957,113326800
2016-11-03,25.509835812974636,25.6201675108488,25.18113630050288,25.24549674987793,107730400
2016-11-04,24.94668264042319,25.342041758424088,24.85014194984837,25.0179386138916,123348000
2016-11-07,25.302958660645363,25.401798411417044,25.160445001440227,25.378812789916992,130240000
2016-11-08,25.355832015750337,25.67993515045531,25.215617408299515,25.528226852416992,97016800
2016-11-09,25.256990967873747,25.587989598793193,24.83634892038631,25.48685073852539,236705600
2016-11-10,25.535116876621263,25.535116876621263,24.3260559446728,24.776580810546875,228538000
2016-11-11,24.62257887695074,25.024833469275595,24.491558879883993,24.923694610595703,136575600
2016-11-14,24.758196733598787,24.781182360897954,23.92380636217132,24.298477172851562,204702000
2016-11-15,24.496154829888138,24.751299306666837,24.40191323914231,24.62027931213379,129058000
2016-11-16,24.526035433304067,25.337441850694617,24.50304980828329,25.28227424621582,235362000
2016-11-17,25.24089869361549,25.36502316958602,25.015637119724733,25.27307891845703,110528000
2016-11-18,25.2202188669773,25.40870384277239,25.206427839430965,25.298370361328125,113715600
2016-11-21,25.312155667203456,25.741992266573043,25.286870955041636,25.68222999572754,117058400
2016-11-22,25.732803677577536,25.840838063198525,25.6063818409268,25.698326110839844,103862000
2016-11-23,25.597187661451375,25.631666982449776,25.360432346255397,25.567306518554688,109705600
2016-11-25,25.5443156508187,25.71441314355612,25.50294082200296,25.69602394104004,45903600
2016-11-28,25.6132722743561,25.85232662724157,25.604077673819265,25.64545249938965,108776000
2016-11-29,25.46386777010459,25.751192513409958,25.300667526350065,25.62017250061035,114115200
2016-11-30,25.652349384804452,25.790264892859526,25.34663547692697,25.40410041809082,144649200
2016-12-01,25.36962276149973,25.500642756715852,25.06160976609378,25.16734504699707,148347600
2016-12-02,25.093796330762313,25.305266945980797,25.02024125791713,25.261594772338867,106112000
2016-12-05,25.28457113517083,25.291466646708102,24.882316594384022,25.07999610900879,137298000
2016-12-06,25.169642731993623,25.367322258129196,25.09838677037175,25.27307891845703,104782000
2016-12-07,25.114476983180275,25.558106374487007,25.09149135872883,25.52132797241211,119994800
2016-12-08,25.482261039724143,25.84314090473889,25.422496992549025,25.77188491821289,108273200
2016-12-09,25.81555213825206,26.364916889343522,25.81555213825206,26.192522048950195,137610400
2016-12-12,26.040816526848793,26.433876567981944,25.85692798837771,26.043115615844727,105497600
2016-12-13,26.16723460853157,26.645343337012505,26.146548071609143,26.47754669189453,174935200
2016-12-14,26.443067376666335,26.709703790136704,26.42927635205138,26.47754669189453,136127200
2016-12-15,26.5212213629075,26.831533475621246,26.486743798109075,26.622360229492188,186098000
2016-12-16,26.77177117803946,26.778666691446684,26.583286212247312,26.656841278076172,177404400
2016-12-19,26.61776304923679,26.980940166427025,26.60626935883651,26.81084442138672,111117600
2016-12-20,26.833832618647765,27.00852655805679,26.820041591799274,26.882102966308594,85700000
2016-12-21,26.847620690099358,26.98553619546714,26.84302251282898,26.90738296508789,95132800
2016-12-22,26.744179664197883,26.780958063359915,26.58097946372022,26.730388641357422,104343600
2016-12-23,26.569488791365973,26.78325843811035,26.569488791365973,26.78325843811035,56998000
2016-12-27,26.783260200445167,27.077482185425456,26.77636468778853,26.953357696533203,73187600
2016-12-28,27.01311682853819,27.128046702602873,26.709702031155068,26.838424682617188,83623600
2016-12-29,26.767161705341877,26.918869951050564,26.755669772409327,26.831523895263672,60158000
2016-12-30,26.81314427193476,26.93956610147463,26.532715053634302,26.622360229492188,122345200
2017-01-03,26.617757300869563,26.739582676563,26.3787029724356,26.69820785522461,115127600
2017-01-04,26.629255404171083,26.78096370212091,26.606269776700465,26.668331146240234,84472400
2017-01-05,26.645343649037947,26.861412390220124,26.620058934487233,26.80394744873047,88774400
2017-01-06,26.84302715539977,27.160234801667425,26.771771178602183,27.10276985168457,127007600
2017-01-09,27.111956924799042,27.452150127850576,27.109659589946716,27.351011276245117,134247600
2017-01-10,27.30044022223815,27.440654802259388,27.192407618828085,27.37859344482422,97848400
2017-01-11,27.29354838793295,27.567082073301073,27.261368160676803,27.525707244873047,110354400
2017-01-12,27.330327475503765,27.422271735829046,27.17172367028493,27.410778045654297,108344800
2017-01-13,27.378596979992935,27.49582595216352,27.309638348435918,27.362506866455078,104447600
2017-01-17,27.201605673159065,27.63833960830125,27.17402362176945,27.583173751831055,137759200
2017-01-18,27.583172578128174,27.698102463870374,27.51651303395479,27.580873489379883,94852000
2017-01-19,27.44525623100266,27.60385827599191,27.43836071865845,27.532602310180664,102389200
2017-01-20,27.68660995192404,27.68660995192404,27.521112382513458,27.583173751831055,130391600
2017-01-23,27.58317139083835,27.76935723654545,27.53030287404862,27.601560592651367,88200800
2017-01-24,27.479732295697268,27.606154098997923,27.468238607356017,27.57627296447754,92844000
2017-01-25,27.679709554447662,28.06587398897463,27.647529331044638,28.015304565429688,129510400
2017-01-26,27.96703349297355,28.14402647071442,27.950943381696252,28.029096603393555,105350400
2017-01-27,28.075066960528506,28.12333729283309,27.950942497306496,28.03139305114746,82251600
2017-01-30,27.796938846873953,27.957839965820312,27.734877487763406,27.957839965820312,121510000
2017-01-31,27.847509052397502,27.90267490134263,27.725683665535442,27.89348030090332,196804000
2017-02-01,29.19908144103942,29.99439765607206,29.19448501802868,29.594440460205078,447940000
2017-02-02,29.417449126148693,29.741550434731863,29.371476127763817,29.54387092590332,134841600
2017-02-03,29.493306525077063,29.695584245022474,29.458828962532614,29.670299530029297,98029200
2017-02-06,29.68179631960283,29.99670311499956,29.62892604167124,29.94843101501465,107383600
2017-02-07,30.005893220062706,30.36217656964027,29.98520668226717,30.233455657958984,152735200
2017-02-08,30.192082913393808,30.392059795706793,30.16220002021809,30.350683212280273,92016400
2017-02-09,30.39223551339761,30.576921288465538,30.269881935965092,30.569995880126953,113399600
2017-02-10,30.579233887993837,30.690043950455642,30.484581938400783,30.50074005126953,80262000
2017-02-13,30.722367545942816,30.893202535679777,30.646184517651555,30.770845413208008,92141600
2017-02-14,30.812393328033973,31.186379439397946,30.761604655800852,31.17022132873535,132904800
2017-02-15,31.285647456911654,31.458789685755665,31.077874668746244,31.283336639404297,142492400
2017-02-16,31.320273015538135,31.373368976886645,31.12866186861634,31.246400833129883,90338400
2017-02-17,31.188687846768914,31.35721196110719,31.188687846768914,31.331817626953125,88792800
2017-02-21,31.449568339925207,31.56961466170974,31.3918542363389,31.55807113647461,98028800
2017-02-22,31.495722036880956,31.655013441014837,31.421849855631695,31.652706146240234,83347600
2017-02-23,31.71504721261627,31.738130734589046,31.465721926226674,31.518817901611328,83152800
2017-02-24,31.375680180151893,31.5488224029541,31.230239585770025,31.5488224029541,87106400
2017-02-27,31.659643575044708,31.728901193043466,31.461106948828956,31.611162185668945,81029600
2017-02-28,31.645781943570295,31.728890352255455,31.558055422572743,31.6250057220459,93931600
2017-03-01,31.8327861816255,32.35452033367567,31.765839381187224,32.27141189575195,145658400
2017-03-02,32.31988101746778,32.38452049769571,32.03361794603871,32.07979202270508,104844000
2017-03-03,32.038240052746666,32.28063989511755,31.99437678799724,32.26909637451172,84432400
2017-03-06,32.17444402347953,32.266788664550965,31.996687194269274,32.167518615722656,87000000
2017-03-07,32.102876664601666,32.315264038884955,32.040544476985474,32.20907211303711,69785200
2017-03-08,32.07749532462934,32.27372466907175,32.04748638869236,32.08903884887695,74828800
2017-03-09,32.02900631537136,32.04054631301657,31.638858580574993,32.01515197753906,88623600
2017-03-10,32.146732218559286,32.17212654649358,32.00590976775764,32.121337890625,78451200
2017-03-13,32.054395288155675,32.188288828177306,32.047469881692045,32.13519287109375,69686800
2017-03-14,32.15830352082329,32.23910116308927,32.05210800609196,32.08673858642578,61236400
2017-03-15,32.18368275296958,32.49302939880526,32.09595621777302,32.426082611083984,102767200
2017-03-16,32.48611623732251,32.55537386897695,32.379920732440446,32.479190826416016,76928000
2017-03-17,32.55074866053692,32.55074866053692,32.2944979450717,32.31758499145508,175540000
2017-03-20,32.41221841459705,32.66616171683697,32.372973271993985,32.65692901611328,86168000
2017-03-21,32.806996259318026,32.96628770549994,32.25755701540671,32.28295135498047,158119600
2017-03-22,32.28526243499958,32.689261053486796,32.26448268602448,32.647705078125,103440800
2017-03-23,32.61076264260119,32.684638356177594,32.460707442957485,32.53227233886719,81385200
2017-03-24,32.666161191248804,32.721567962460696,32.40067789802258,32.46762466430664,89582400
2017-03-27,32.179056024283945,32.60152343015169,32.00129570624854,32.523033142089844,94300400
2017-03-28,32.529961373650984,33.252539181636585,32.46301107545243,33.19713592529297,133499200
2017-03-29,33.1694378122708,33.35643440986911,33.056320458176856,33.27101516723633,116760000
2017-03-30,33.287174863774936,33.35873976262738,33.127883432090165,33.227149963378906,84829200
2017-03-31,33.1786838899849,33.305655621391836,33.01477428715244,33.164833068847656,78646800
2017-04-03,33.176360194881575,33.27100860006439,33.023994192507935,33.174049377441406,79942800
2017-04-04,33.07016750965756,33.44877172977211,33.0516985815315,33.42107009887695,79565600
2017-04-05,33.2940915394704,33.58035458238683,33.19943962335443,33.247920989990234,110871600
2017-04-06,33.310270213378054,33.36336972452324,33.116351672277986,33.164833068847656,84596000
2017-04-07,33.18098385228909,33.28486851044707,33.07479189864796,33.09095001220703,66688800
2017-04-10,33.150966820278995,33.2156063038978,32.9893645886443,33.05169677734375,75733600
2017-04-11,32.99860347139208,33.09325540952474,32.33373613194622,32.69618225097656,121517600
2017-04-12,32.68925729558643,32.816225457301364,32.55304938555892,32.73542785644531,81400000
2017-04-13,32.76081528773196,32.86931802030271,32.562278747558594,32.562278747558594,71291600
2017-04-17,32.661550412813725,32.753895052233354,32.52072791996312,32.74235153198242,66328400
2017-04-18,32.64538994184889,32.79082701421264,32.57613234793934,32.59690856933594,58790000
2017-04-19,32.75390963891739,32.78161128178607,32.42378313017828,32.47687911987305,69313600
2017-04-20,32.601541249148354,32.99399642654867,32.58769042869491,32.88318634033203,93278400
2017-04-21,32.883185899818656,32.93858918089021,32.74698147039898,32.84394073486328,69283600
2017-04-24,33.12789371505518,33.23177839152533,33.05401797550983,33.160213470458984,68537200
2017-04-25,33.2225470319488,33.451092624928684,33.2133108028367,33.36567687988281,75486000
2017-04-26,33.35180821927697,33.38182066395403,33.10017571070166,33.169429779052734,80164800
2017-04-27,33.22484048167015,33.28024726548445,33.084017988406494,33.194828033447266,56985200
2017-04-28,33.264094918328645,33.31257630802334,33.07479451864811,33.16251754760742,83441600
2017-05-01,33.49725799424165,33.98205421858617,33.46493824595202,33.838924407958984,134411600
2017-05-02,34.06054860902605,34.187520321998676,33.89894984823762,34.05362319946289,181408800
2017-05-03,33.61037839972,34.0490076206691,33.30564982001212,33.949737548828125,182788000
2017-05-04,33.82507002419722,33.96819981973374,33.66116048206023,33.82737731933594,93487600
2017-05-05,33.880461071312695,34.39296221434589,33.880461071312695,34.38834762573242,109310800
2017-05-08,34.404530041708924,35.48262903932177,34.404530041708924,35.32333755493164,195009600
2017-05-09,35.52185920907765,35.755026336086395,35.424899981815805,35.549564361572266,156521600
2017-05-10,35.46645790032966,35.53802279658451,35.1155553043252,35.381038665771484,103222800
2017-05-11,35.33931694196356,35.71485030550532,35.30686379075656,35.68703079223633,109020400
2017-05-12,35.86088217624112,36.25959427924951,35.85392818328043,36.18541717529297,130108000
2017-05-15,36.16454597351058,36.31290369522658,35.942011159500126,36.09268569946289,104038800
2017-05-16,36.148325908210545,36.17614187932493,35.865518411455746,36.03937530517578,80194000
2017-05-17,35.605904337064445,35.830759605936734,34.70416644230344,34.829341888427734,203070800
2017-05-18,35.065784713156496,35.54562800048504,35.03333156105277,35.36017990112305,134272800
2017-05-19,35.554908817501946,35.69399226447333,35.38105185594102,35.48072814941406,107843200
2017-05-22,35.69861351031507,35.833063258380626,35.44594235450977,35.69629669189453,91865600
2017-05-23,35.907240170170134,35.907240170170134,35.538664426955556,35.652252197265625,79675600
2017-05-24,35.66152455835698,35.73802201469214,35.39030823342003,35.54561996459961,76712000
2017-05-25,35.63602677342156,35.77975088044138,35.47376104336142,35.668479919433594,76942400
2017-05-26,35.698628437412,35.754263936914604,35.53867947132973,35.60822296142578,87710400
2017-05-30,35.56417521962942,35.79830129211459,35.54331323574162,35.622127532958984,80507600
2017-05-31,35.69167317336722,35.73803431940695,35.32309728722757,35.41118240356445,97804800
2017-06-01,35.50622428792066,35.54331461880568,35.28600619612489,35.508541107177734,65616400
2017-06-02,35.60126213247194,36.03474426269531,35.44131319709185,36.03474426269531,111082800
2017-06-05,35.77742710131049,35.802926251960564,35.57343743323714,35.6823844909668,101326800
2017-06-06,35.6754331617929,36.11818956652802,35.647617190689985,35.80292892456055,106499600
2017-06-07,35.9350775185732,36.1576124586108,35.80989851981409,36.01620864868164,84278400
2017-06-08,35.98838497453833,36.055608098669595,35.79134570314363,35.92811584472656,85003200
2017-06-09,35.974471743082624,35.974471743082624,33.84878171909158,34.534934997558594,259530800
2017-06-12,33.78387837463687,33.86500948267044,33.035132016753906,33.70969772338867,289229200
2017-06-13,34.11305569103418,34.1802788282569,33.64711675811784,33.98092269897461,136661600
2017-06-14,34.191850452413206,34.191850452413206,33.34342809397165,33.649417877197266,126124800
2017-06-15,33.22289082894984,33.49178676892267,32.965582517386935,33.4477424621582,128661600
2017-06-16,33.329538187742344,33.49644115327569,32.96327909877355,32.97950744628906,201444400
2017-06-19,33.30172263396618,34.015695654119625,33.30172263396618,33.922969818115234,130165600
2017-06-20,34.04581984224662,34.04581984224662,33.59842973452533,33.614654541015625,99600400
2017-06-21,33.732875707856564,33.86037147503061,33.52192848736202,33.81400680541992,85063200
2017-06-22,33.7908302237745,34.006411095665946,33.6401521119135,33.75837707519531,76425200
2017-06-23,33.642474603462084,34.11304705629635,33.637837428477,33.909053802490234,141757600
2017-06-26,34.115361889100086,34.37267026030625,33.70042494885919,33.80242156982422,102769600
2017-06-27,33.614647593467595,33.88123027016685,33.29243297786767,33.31793212890625,99047600
2017-06-28,33.49411360250508,33.869643386073044,33.18580693265038,33.80473709106445,88329600
2017-06-29,33.54510595898746,33.64246538422548,32.98180784645597,33.306339263916016,125997600
2017-06-30,33.48483861282625,33.60306356993053,33.329526871517864,33.385162353515625,92096400
2017-07-03,33.5845080231112,33.68186743365266,33.17188805300022,33.264610290527344,57111200
2017-07-05,33.30866399727566,33.56365199104382,33.08380879379327,33.40138626098633,86278400
2017-07-06,33.15334724304407,33.264614650084305,33.01194351315096,33.08612060546875,96515200
2017-07-07,33.125537127404115,33.55438561225656,33.125537127404115,33.4222526550293,76806800
2017-07-10,33.406029337936204,33.832557485774224,33.234489228921056,33.62624740600586,84362400
2017-07-11,33.549743284648756,33.809371984292305,33.46861218992629,33.735191345214844,79127200
2017-07-12,33.813999666656365,33.88585993740315,33.5706028882242,33.78386688232422,99538000
2017-07-13,33.728236284050766,34.42134701782428,33.714328298946185,34.25444412231445,100797600
2017-07-14,34.300805579062285,34.61606621390877,34.15244784131849,34.5488395690918,80528400
2017-07-17,34.497855047042286,34.9800151850504,34.439902733258485,34.66939163208008,95174000
2017-07-18,34.585938981519924,34.80152342076449,34.46308036345037,34.78993225097656,71475200
2017-07-19,34.882648805047324,35.10055002760471,34.759790207159064,35.00782775878906,83692000
2017-07-20,35.119092534905725,35.17472801426754,34.81542305978523,34.85019302368164,68974800
2017-07-21,34.76907043902721,34.87338389337596,34.5117620318318,34.83397674560547,105010400
2017-07-24,34.905828766334864,35.336994007540355,34.74819667551784,35.255859375,85972800
2017-07-25,35.18864627665775,35.66153560939385,35.18864627665775,35.40654754638672,75415600
2017-07-26,35.54796045868676,35.682406750938945,35.48073377543117,35.57345962524414,63124000
2017-07-27,35.640667502356315,35.696302988408995,34.14549874382941,34.90119552612305,129905200
2017-07-28,34.745873414237366,34.824687676468045,34.583607716372164,34.65546798706055,68854800
2017-07-31,34.748194617761186,34.847874404325744,34.33789491647606,34.47697830200195,79383600
2017-08-01,34.56275240057083,34.82237756717428,34.40280349002849,34.7829704284668,141474400
2017-08-02,36.92258157134447,37.03153221513553,36.199337754798655,36.426509857177734,279747200
2017-08-03,36.405641531663086,36.44273185865014,35.93506906154069,36.062564849853516,108389200
2017-08-04,36.17845505382272,36.486758104817916,36.09036644660874,36.25263214111328,82239600
2017-08-07,36.407947842229994,36.83911304190429,36.317542406997994,36.81361389160156,87481200
2017-08-08,36.76494412337966,37.5136869220667,36.68844665545762,37.1080207824707,144823600
2017-08-09,36.91794763309008,37.3838865871829,36.883177653141004,37.335205078125,104526000
2017-08-10,37.211867963401104,37.23514134715099,35.98543805201357,36.14601516723633,163217200
2017-08-11,36.44387563364396,36.90233333918181,36.32053458098837,36.64866638183594,105028400
2017-08-14,37.076884738262706,37.28400501989793,36.94423287479012,37.200225830078125,88490800
2017-08-15,37.38873353715503,37.74712017547058,37.267718345208976,37.60749053955078,117862000
2017-08-16,37.68660472435571,37.819253022132784,37.270034738751946,37.45621109008789,110686400
2017-08-17,37.356133387139685,37.40035065823449,36.732443309780415,36.737098693847656,111762400
2017-08-18,36.73710711923103,37.11876702687097,36.47180698283519,36.65332794189453,109712400
2017-08-21,36.65332923983164,36.74408972257525,36.09712965562986,36.58584213256836,105474000
2017-08-22,36.8232172080712,37.235131848429745,36.77434808609071,37.18393325805664,86418400
2017-08-23,37.018696680257115,37.34450259602937,36.97447940218413,37.23046875,77596400
2017-08-24,37.3351908971209,37.40733693119155,36.897680614119324,37.06523895263672,79275600
2017-08-25,37.153664881637,37.36544046820543,37.06523389078698,37.202537536621094,101920400
2017-08-28,37.267707314457965,37.70056580462589,37.21883464818906,37.57722473144531,103864000
2017-08-29,37.258393217976895,37.96120354836879,37.235119847665004,37.91233444213867,118067600
2017-08-30,38.11945925253769,38.14040315773417,37.842522447101416,38.01473617553711,109078400
2017-08-31,38.082228811623146,38.28702316158408,38.04499282962685,38.16600799560547,107140400
2017-09-01,38.352182484466454,38.38476307936987,38.07990103755538,38.177642822265625,66364400
2017-09-05,38.10781453364809,38.22417427268213,37.36543883044812,37.719173431396484,117874000
2017-09-06,37.86579133057755,37.93095250636385,37.356135058449354,37.67961502075195,86606800
2017-09-07,37.721504635375084,37.756414692589225,37.31890087616771,37.52834701538086,87714000
2017-09-08,37.43525757001091,37.502744660143726,36.89302072832762,36.91629409790039,114446000
2017-09-11,37.35147850579891,37.712194428986784,37.20951947348694,37.584197998046875,126323200
2017-09-12,37.8425276303422,38.156700455393946,36.94888537604294,37.43526840209961,286856000
2017-09-13,37.20487366489882,37.22582112336586,36.74874533126742,37.1536750793457,179629600
2017-09-14,37.00007892341132,37.09549123082952,36.79062921823258,36.83484649658203,95042800
2017-09-15,36.87905614940016,37.46085484734486,36.76967771010516,37.207191467285156,196458400
2017-09-18,37.26073784781013,37.35149835598014,36.76969931616736,36.925621032714844,113077600
2017-09-19,37.12108850326259,37.181597849722785,36.87208046911773,36.93956756591797,83242400
2017-09-20,36.74641502768066,36.83019420658848,35.79924831851858,36.32054138183594,211805600
2017-09-21,36.25770863694524,36.25770863694524,35.54791325936947,35.69685363769531,150046800
2017-09-22,35.266306014014894,35.436193779476454,35.03824193356741,35.34775924682617,186581600
2017-09-25,34.90560444698507,35.333807540538785,34.712446806182214,35.035926818847656,177549200
2017-09-26,35.32217692462423,35.820196674707795,35.30123301505046,35.638675689697266,146640000
2017-09-27,35.79226248169732,36.00636401155548,35.731753134529605,35.892330169677734,102016800
2017-09-28,35.81321227532656,35.90397275998524,35.53627543595255,35.6712532043457,88022000
2017-09-29,35.65495388887849,35.86905538913401,35.373361749347154,35.86672592163086,105199200
2017-10-02,35.89931689948328,35.94353418263258,35.540930350989605,35.794593811035156,74795200
2017-10-03,35.841137272488844,36.09247481720678,35.81786744767447,35.95051574707031,64921200
2017-10-04,35.75269875271151,35.80622324467119,35.48041735750207,35.71778869628906,80655200
2017-10-05,35.8807078188942,36.17393680058455,35.850456684242246,36.16230010986328,85135200
2017-10-06,36.064532875596505,36.18554798195189,35.96911705037366,36.14133071899414,69630400
2017-10-09,36.260024619512244,36.474126132756396,36.185556226261895,36.267005920410156,65051600
2017-10-10,36.318215139542396,36.769691668700844,36.094806343290436,36.28097915649414,62468000
2017-10-11,36.29726559284751,36.532311041171035,36.24606701186326,36.43224334716797,67622400
2017-10-12,36.38570589375628,36.623077296490706,36.24141734683788,36.30425262451172,64500400
2017-10-13,36.4741319138063,36.602128368918095,36.39966350875292,36.53464126586914,65576800
2017-10-16,36.74640434178039,37.23511666846092,36.68822447198592,37.207191467285156,96486000
2017-10-17,37.183924459099835,37.437587882547504,37.05592801345531,37.34450149536133,75989200
2017-10-18,37.33286744361,37.40035809744781,37.142039271107095,37.17927169799805,65496800
2017-10-19,36.47878992922829,36.555587807833106,36.07618609686236,36.29959487915039,170336800
2017-10-20,36.44621740156226,36.71151760864258,36.29495107905008,36.3624382019043,95896400
2017-10-23,36.51136939218465,36.69754573899603,36.187889365619526,36.34381103515625,87937200
2017-10-24,36.37173968118282,36.63471392906621,36.35079577232983,36.560245513916016,71028800
2017-10-25,36.51602560804627,36.66496597867976,36.1343656863593,36.39966583251953,84828400
2017-10-26,36.59047864699556,36.73011173937826,36.48575560321705,36.63236999511719,68002000
2017-10-27,37.069899345498754,38.072923691360785,36.93259564921112,37.94492721557617,177816800
2017-10-30,38.14039559962046,39.113164876744115,38.100833713971966,38.79899215698242,178803200
2017-10-31,39.07360901783604,39.480868209419874,38.850200249880324,39.33890914916992,144187200
2017-11-01,39.53205744749529,39.54834951579642,38.540673728115806,38.83855438232422,134551200
2017-11-02,38.77108463104709,39.21325042612694,38.46389307158767,39.12248992919922,165573600
2017-11-03,40.4931985606318,40.553704360574216,39.822965172267914,40.14411926269531,237594400
2017-11-06,40.113858735493494,40.72358623496925,39.9625924821947,40.55137252807617,140105200
2017-11-07,40.47224411226908,40.78408735161502,40.40010164431773,40.68169021606445,97446000
2017-11-08,40.6467947443134,41.01449203491211,40.569996871813196,41.01449203491211,97638000
2017-11-09,40.75153000824788,40.98192369463007,40.29307210417645,40.93072509765625,117930400
2017-11-10,40.89802668216078,40.96108785457192,40.701840327753686,40.79526138305664,100582000
2017-11-13,40.521991783303974,40.75554793191091,40.498634742929674,40.63176345825195,67928400
2017-11-14,40.41454649338158,40.51731174890266,39.98013199926824,40.01750183105469,99130000
2017-11-15,39.697542276779,39.779288361333066,39.3261888238754,39.48967742919922,116632400
2017-11-16,39.98013002061895,40.14128429391195,39.77460308353181,39.961448669433594,94550000
2017-11-17,39.94743924729169,40.02918531900126,39.620462088020936,39.73957443237305,87598000
2017-11-20,39.77227671695763,39.8353378776979,39.60178171888046,39.69987487792969,65049600
2017-11-21,39.88671932640713,40.56870286213054,39.88671932640713,40.43791198730469,100525200
2017-11-22,40.48929245518663,40.87232438112121,40.41689062220264,40.86298370361328,102355600
2017-11-24,40.89567791956575,40.989098941782885,40.79057481484202,40.86531448364258,56106800
2017-11-27,40.88399784374668,40.891004241956935,40.48461532684453,40.65978240966797,82867200
2017-11-28,40.708842928050494,40.841968097617595,40.13896527806691,40.42156982421875,105715200
2017-11-29,40.31879179469024,40.386521497492396,39.041239607375275,39.58308792114258,166665600
2017-11-30,39.8049554007346,40.20433780938099,39.34018114777853,40.1366081237793,166108800
2017-12-01,39.692862534061966,40.094579352171586,39.35420686724889,39.94977569580078,159037200
2017-12-04,40.283757966117385,40.31645567986797,39.61812517252679,39.65782928466797,130169600
2017-12-05,39.48498612647652,40.059535590399356,39.330838274718865,39.62044906616211,109400800
2017-12-06,39.12064775552423,39.751248528976014,38.877750973345655,39.47331619262695,114240000
2017-12-07,39.47800111708906,39.80731618867309,39.449975515689395,39.54573440551758,102693200
2017-12-08,39.81898503312158,39.9380973739062,39.428946732036295,39.55739974975586,93420800
2017-12-11,39.51770386587847,40.37952671678825,39.42194497938085,40.32814407348633,141095200
2017-12-12,40.206677280815214,40.26273202232786,40.04552658105934,40.10157775878906,77636800
2017-12-13,40.28843905833601,40.5313359054632,40.17166097410895,40.23472213745117,95273600
2017-12-14,40.265079931953295,40.435578492024916,40.08991281467893,40.22304153442383,81906000
2017-12-15,40.55235522303376,40.67847397521654,40.279094956817715,40.63176345825195,160677200
2017-12-18,40.84430077348899,41.38614918992754,40.839628652615616,41.203975677490234,117684400
2017-12-19,40.879332559638705,40.963412916005446,40.659789208915306,40.764888763427734,109745600
2017-12-20,40.84195901091509,40.97041559422269,40.46359922352152,40.72051239013672,93902400
2017-12-21,40.678470385039326,41.11055064734147,40.66212330924727,40.874656677246094,83799600
2017-12-22,40.79758272735407,40.97041554503167,40.75554433493134,40.874656677246094,65397600
2017-12-26,39.891393922350005,40.047876126138675,39.629808592684284,39.837677001953125,132742000
2017-12-27,39.72791412118384,39.88673063886245,39.63682733868344,39.84469223022461,85992800
2017-12-28,39.93810218946852,40.13662634516373,39.8166519919685,39.956787109375,65920800
2017-12-29,39.82598570372476,39.84233277695567,39.52236207214556,39.524696350097656,103999600
2018-01-02,39.74190661487655,40.24171652360329,39.531703987751335,40.23237228393555,102223600
2018-01-03,40.29543986802562,40.767224260711025,40.16231472364331,40.225372314453125,118071600
2018-01-04,40.297772401850075,40.514981452143,40.19033857963591,40.41221618652344,89738400
2018-01-05,40.50797131518301,40.958732886034994,40.4168845770232,40.872318267822266,94640000
2018-01-08,40.72051239013672,41.0147918288002,40.622415680131866,40.72051239013672,82271200
2018-01-09,40.76722965721681,40.886342019408715,40.500975769423384,40.71584701538086,86336000
2018-01-10,40.44257360333201,40.70882740472124,40.40520377343591,40.70648956298828,95839600
2018-01-11,40.77657453980709,40.98677725002132,40.75322105897306,40.93772888183594,74670800
2018-01-12,41.147917623904476,41.42351571282372,41.024133159050905,41.36045455932617,101672400
2018-01-16,41.549628413105026,41.897628282123996,41.13857096354328,41.15024948120117,118263600
2018-01-17,41.14089798614181,41.86492318784634,40.88866058088767,41.829891204833984,137547200
2018-01-18,41.89295128959387,42.06344978724467,41.631369630642126,41.86725997924805,124773600
2018-01-19,41.7154633623387,41.942013108967615,41.435196700011545,41.6804313659668,129700400
2018-01-22,41.40950695127393,41.52161290769802,41.24601835570046,41.339439392089844,108434400
2018-01-23,41.40951228927758,41.90932238233677,41.297406318402174,41.348785400390625,130756400
2018-01-24,41.397829918542136,41.40950843945654,40.451926745023115,40.690155029296875,204420400
2018-01-25,40.75786866531204,40.860633906752405,39.82831650063539,39.96377944946289,166116000
2018-01-26,40.171656622698116,40.171656622698116,39.71855713477156,40.057212829589844,156572000
2018-01-29,39.74191114188095,39.74191114188095,39.0202235699117,39.22808837890625,202561600
2018-01-30,38.66055051084549,39.09029298583721,38.466698472240886,38.99687194824219,184192800
2018-01-31,38.97351058898067,39.34019542667271,38.887095960590166,39.10430145263672,129915600
2018-02-01,39.043573419865425,39.38222905740429,38.947814562060074,39.18604278564453,188923200
2018-02-02,38.770318479924185,38.95716410101793,37.392338706452456,37.48575973510742,346375200
2018-02-05,37.158779760529875,38.275177718301975,36.43475436997214,36.549198150634766,290954000
2018-02-06,36.161500373275416,38.23781447548652,35.96764833446802,38.07666015625,272975200
2018-02-07,38.09068384342706,38.16308570290203,37.15179038575243,37.261558532714844,206434400
2018-02-08,37.43671508461974,37.602541525249535,36.208210973651525,36.236236572265625,217562000
2018-02-09,36.8342311855885,37.02652618717998,35.23253859813122,36.6794548034668,282690400
2018-02-12,37.169571058398745,38.43357083958652,36.937406518800216,38.15685272216797,243278000
2018-02-13,37.97863336270872,38.63525757586731,37.90828012945707,38.53910827636719,130196800
2018-02-14,38.23424636240979,39.289534118272805,38.19672773949779,39.24966812133789,162579600
2018-02-15,39.81717442105685,40.59105275486671,39.63191438389785,40.567604064941406,204588800
2018-02-16,40.41987701001804,40.99676937754081,40.28151788185924,40.4362907409668,160704400
2018-02-20,40.34715194934688,40.865413265610684,40.19941058180956,40.30025100708008,135722000
2018-02-21,40.53008500542689,40.832599250578035,40.10327802296101,40.11735153198242,149886400
2018-02-22,40.28854259462568,40.792734207769016,40.2674376980712,40.45269775390625,123967600
2018-02-23,40.72707628005614,41.191401942979354,40.69658904083861,41.156227111816406,135249600
2018-02-26,41.35554853334056,42.068452335634156,41.32271750780691,41.9699592590332,152648800
2018-02-27,42.00044490832769,42.32406398260265,41.780006497336466,41.83394241333008,155712400
2018-02-28,42.037961604302204,42.35689307363016,41.75420853117485,41.77062225341797,151128400
2018-03-01,41.86911745238018,42.159909082195455,40.49021084632658,41.03895950317383,195208000
2018-03-02,40.523048950701295,41.34382828416562,40.4409695860293,41.322723388671875,153816000
2018-03-05,41.08821967144869,41.68152565643168,40.92640829766891,41.46577835083008,113605600
2018-03-06,41.72137939673423,41.8011113730967,41.30395484011507,41.43058776855469,95154000
2018-03-07,41.024888913465674,41.238292358234624,40.86776875758587,41.04599380493164,126814000
2018-03-08,41.151535513438546,41.536129169515,41.05538978315525,41.493919372558594,95096400
2018-03-09,41.733101955639185,42.211497351161306,41.59943049643695,42.20680618286133,128740800
2018-03-12,42.27951549540932,42.77198453917445,42.260757973375576,42.614864349365234,128828400
2018-03-13,42.818878501558245,43.03228195752703,42.03327768092932,42.2044677734375,126774000
2018-03-14,42.28655332708337,42.33345428800608,41.697934995814336,41.84567642211914,117473600
2018-03-15,41.8597302777262,42.26777599551673,41.7588934293811,41.89490509033203,90975200
2018-03-16,41.894914950049724,42.005134159904195,41.653371637810366,41.74717712402344,157618800
2018-03-19,41.58302954525192,41.61820437252176,40.72472797672701,41.10932159423828,133787200
2018-03-20,41.09524917602539,41.46108167074591,41.02489594742979,41.09524917602539,78597600
2018-03-21,41.048335598889736,41.06006173079245,40.161894417403104,40.164241790771484,148219600
2018-03-22,39.86642392375612,40.49490465390469,39.53811362865073,39.59674072265625,165963200
2018-03-23,39.48886659321659,39.84766413405887,38.679813385009766,38.679813385009766,164115200
2018-03-26,39.413821710118775,40.59339847247877,39.031571938963225,40.51601028442383,150164800
2018-03-27,40.72941630380633,41.07414393053354,39.1441408426636,39.477142333984375,163690400
2018-03-28,39.22152704663509,39.87111626930547,38.7384403503099,39.04095458984375,166674000
2018-03-29,39.35284490062601,40.27680835477367,39.13944144734554,39.34580993652344,153594000
2018-04-02,39.078473717905176,39.61784367192837,38.569590996327946,39.087852478027344,150347200
2018-04-03,39.31297222531084,39.57327658777628,38.66573058975669,39.488853454589844,121112000
2018-04-04,38.66574745331124,40.33778996897688,38.63995138530053,40.243988037109375,138422000
2018-04-05,40.47145246165548,40.85838981728814,40.354198283789394,40.52304458618164,107732800
2018-04-06,40.09389078098584,40.447997082703736,39.44430168365907,39.486515045166016,140021200
2018-04-09,39.838284944533854,40.59105484435307,39.83124997936275,39.878150939941406,116070800
2018-04-10,40.569939661507654,40.804447983250476,40.225212142280675,40.62856674194336,113634400
2018-04-11,40.38937319172964,40.78569288629012,40.26508404919231,40.438621520996094,89726400
2018-04-12,40.66610159129438,41.03896908014141,40.57933105198561,40.8372917175293,91557200
2018-04-13,40.98737310695765,41.23595140956656,40.7692820378696,40.97564697265625,100497200
2018-04-16,41.04599859592581,41.318029156505595,40.99909763886708,41.23126220703125,86313600
2018-04-17,41.388385056399805,41.962929868710894,41.369623956700956,41.79877471923828,106421600
2018-04-18,41.69793253397193,41.93478827686572,41.479841468316096,41.7049674987793,83018000
2018-04-19,40.748170603828946,41.13042036873271,40.49021355951167,40.52304458618164,139235200
2018-04-20,40.00714191291514,40.152536002898835,38.79473011048212,38.86273956298828,261964400
2018-04-23,39.123031478455985,39.14413637278911,38.48047726168653,38.75016403198242,146062000
2018-04-24,38.85100323747827,39.005779628477015,37.8074416526787,38.21079635620117,134768000
2018-04-25,38.135753093228,38.79237729841982,38.08650833536919,38.377296447753906,113528400
2018-04-26,38.48752642194564,38.86508517696515,38.31164508100453,38.51097869873047,111852000
2018-04-27,38.45938306439938,38.536771276792585,37.66909078917335,38.06541061401367,142623200
2018-04-30,38.02083978086763,39.223865178378034,37.95283035577987,38.75484848022461,169709600
2018-05-01,39.02454068518083,39.678817496129916,38.757201272985704,39.65536880493164,214277600
2018-05-02,41.0928987187872,41.6838607850088,40.75755348322687,41.407142639160156,266157600
2018-05-03,41.24533319861876,41.6252356123869,40.90764057379652,41.48218536376953,136272800
2018-05-04,41.801108061327,43.20815798204488,41.78234696631987,43.10966491699219,224805200
2018-05-07,43.426265045362086,44.01019226637602,43.32542814804816,43.42157745361328,169805600
2018-05-08,43.381708846718794,43.67015316776499,43.07215605081431,43.630287170410156,113611200
2018-05-09,43.74753354962685,43.946863500783344,43.43563701372067,43.93748474121094,92844800
2018-05-10,44.026593652567186,44.643348106063584,44.00548518407308,44.56595993041992,111957200
2018-05-11,44.60835031424025,44.74253367480774,44.12810643235804,44.39647674560547,104848800
2018-05-14,44.49534749608727,44.61776309036825,44.22462436223415,44.29289245605469,83115200
2018-05-15,43.970378343631864,44.0386500297141,43.574886781090854,43.89033889770508,94780800
2018-05-16,43.80323241533357,44.365868491092186,43.786751806031575,44.299949645996094,76732400
2018-05-17,44.2575713547681,44.471797695241,43.87149481216628,44.019805908203125,69176000
2018-05-18,44.06689787877009,44.212852583391616,43.81736102553501,43.85973358154297,73190800
2018-05-21,44.25758035606822,44.556555441924544,44.00098141717452,44.17047882080078,73603200
2018-05-22,44.347021895835354,44.46472818298463,43.97036034011336,44.059818267822266,60962800
2018-05-23,43.869160304201685,44.3752961979968,43.7302640741597,44.34233856201172,80233600
2018-05-24,44.4388507541978,44.455327773211465,43.83619489329493,44.29289245605469,92936000
2018-05-25,44.31173101118196,44.646016610326086,44.175191215681515,44.394126892089844,69844000
2018-05-29,44.16341076203586,44.43413384930617,43.99155695605987,44.234031677246094,90056400
2018-05-30,44.191656938573345,44.25757218424479,43.97036850291428,44.13986587524414,74762000
2018-05-31,44.07395775611649,44.311723245583195,43.81971165651136,43.99156188964844,109931200
2018-06-01,44.25522977936332,44.78961396182632,44.198729444569345,44.784908294677734,93770000
2018-06-04,45.114485036645306,45.5335193121076,45.04621694120785,45.15921401977539,105064800
2018-06-05,45.451121214441805,45.65592906665708,45.28397665552099,45.50761795043945,86264000
2018-06-06,45.582948159321724,45.68888312315127,45.18039098623548,45.665340423583984,83734400
2018-06-07,45.703001816706276,45.717125997905555,45.279258420171836,45.54292297363281,85388800
2018-06-08,45.003840274270324,45.19923322394816,44.6742639688573,45.12860870361328,106627200
2018-06-11,45.04619628670962,45.19215092927452,44.77782610309409,45.0179443359375,73234000
2018-06-12,45.055619637889805,45.34282331171318,44.999119317886205,45.26513671875,67644400
2018-06-13,45.298106191637146,45.406397601947454,44.83199010402392,44.89319610595703,86553600
2018-06-14,45.09329226949185,45.098001528120655,44.78019302474528,44.91673278808594,86440400
2018-06-15,44.73546388316103,44.76606867596771,44.31878250278761,44.455322265625,246876800
2018-06-18,44.22933815211929,44.54479030035685,44.069255652105554,44.431793212890625,73939600
2018-06-19,43.58429795860175,43.86443958736214,43.18645000462183,43.713775634765625,134314000
2018-06-20,43.869150444974466,44.06924904987307,43.72319215374665,43.90446090698242,82514800
2018-06-21,44.08102457013798,44.33997995639365,43.537221851113515,43.659637451171875,102847600
2018-06-22,43.815007164385726,43.822069257467064,43.48072158745682,43.53251266479492,108801600
2018-06-25,43.174676934564935,43.532505154775784,42.546125613973516,42.8851203918457,126652400
2018-06-26,43.07816878309416,43.91152811252894,42.972230200510374,43.41716003417969,98276800
2018-06-27,43.60548540849269,44.0880820733022,43.32299093878607,43.35359573364258,101141200
2018-06-28,43.339475808988986,43.836196707291755,43.268851286592344,43.66905212402344,69460800
2018-06-29,43.855021380811685,44.06689492297677,43.05932905932024,43.57723617553711,90950800
2018-07-02,43.27355401169523,44.092789008299924,43.179386798681435,44.064537048339844,70925200
2018-07-03,44.20813431262822,44.2458011939208,43.20763067800487,43.297088623046875,55819200
2018-07-05,43.6125501822098,43.88327690941216,43.381846770178385,43.6455078125,66416800
2018-07-06,43.65021954934719,44.35881043686303,43.598428471363974,44.25052261352539,69940800
2018-07-09,44.61069456513132,44.88847975166625,44.56361275630815,44.86494064331055,79026400
2018-07-10,44.89554351943175,45.029726848456654,44.77077152281335,44.810794830322266,63756400
2018-07-11,44.375282843511165,44.67661073672415,44.16576573663476,44.22932815551758,75326000
2018-07-12,44.61776340799935,45.0603403805497,44.56597233282379,44.970882415771484,72164400
2018-07-13,44.98265074224645,45.1615630676569,44.940274596265624,45.04150390625,50055600
2018-07-16,45.08623263086396,45.352246488020654,44.82727727386679,44.942630767822266,60172400
2018-07-17,44.669543385810975,45.16861697666692,44.54006573003852,45.06974411010742,62138000
2018-07-18,45.14744527625814,45.15215453583667,44.7119303641148,44.822574615478516,65573600
2018-07-19,44.655431831739946,45.32871224004053,44.655431831739946,45.17098617553711,81147200
2018-07-20,45.14743750979245,45.30045429470257,44.76842300145352,45.06739807128906,82704800
2018-07-23,44.888478631479195,45.189810103073654,44.62481763495967,45.10741424560547,63957600
2018-07-24,45.305165112002,45.59001600744331,45.211001486066,45.43464279174805,74791600
2018-07-25,45.44878088662494,45.87017168312409,45.30046971787669,45.86310958862305,66839600
2018-07-26,45.81366513737899,46.131473715385816,45.578252440222144,45.71950149536133,76304000
2018-07-27,45.90311735619619,45.950199171301655,44.75194955512328,44.959110260009766,96096000
2018-07-30,45.17567934529309,45.24630384815853,44.5094648064374,44.707210540771484,84118000
2018-07-31,44.799029246561446,45.2321876723777,44.57303151581136,44.79667282104492,157492000
2018-08-01,46.877726800083444,47.496859688442385,46.449274010313836,47.43565368652344,271742800
2018-08-02,47.21907903570609,49.05529878452193,47.164935121370654,48.82223892211914,249616000
2018-08-03,48.73748795931409,49.14004523178112,48.372597578609025,48.96348571777344,133789600
2018-08-06,48.96582299951276,49.26008876273099,48.74689099589185,49.217716217041016,101701600
2018-08-07,49.27658456368668,49.31895712244186,48.67392507741745,48.75632095336914,102349600
2018-08-08,48.5067854285416,48.92111046923115,48.14660430068866,48.78927993774414,90102000
2018-08-09,49.32601713645395,49.384870304763766,48.77750517675299,49.17300033569336,93970400
2018-08-10,48.98635970869857,49.397415528202615,48.82335475260716,49.026519775390625,98444800
2018-08-13,49.44703548083893,49.83446612894163,49.06669169299889,49.34309005737305,103563600
2018-08-14,49.64783817493935,49.742332045788096,49.198983276632525,49.55097961425781,82992000
2018-08-15,49.42577634736354,49.784859564930485,49.21552440909091,49.66674041748047,115230400
2018-08-16,50.02345234024838,50.510102586734064,49.95730591478682,50.39434814453125,114001600
2018-08-17,50.42269622366473,51.48812950883822,50.35654979736229,51.40072250366211,141708000
2018-08-20,51.523563547511685,51.77869768428093,50.81720988532367,50.89989471435547,121150800
2018-08-21,51.216471471629355,51.30860427759206,50.56209027790346,50.800689697265625,104639200
2018-08-22,50.578613920231255,51.11251110082186,50.51718966438757,50.80303955078125,76072400
2018-08-23,50.70855094931436,51.27552504663343,50.696741917780805,50.9069938659668,75532800
2018-08-24,51.16920342685341,51.24007201397918,50.817207157054575,51.06525802612305,73905600
2018-08-27,51.29915232248001,51.67477400972474,51.10543876480082,51.485782623291016,82100400
2018-08-28,51.738545300195106,52.09998958647139,51.717284719757714,51.90155029296875,91107200
2018-08-29,52.0078483773928,52.79688685804126,51.83303438249338,52.6764030456543,109019200
2018-08-30,52.74020545576809,53.92375815284669,52.53940143992006,53.160709381103516,195175200
2018-08-31,53.510339681399174,54.06786225157614,53.38985943788561,53.77492904663086,173360400
2018-09-04,53.9591736245769,54.141074461718866,53.53866987411202,53.94736099243164,109560400
2018-09-05,54.0962064940442,54.25684679851635,53.177239704245125,53.59537887573242,133332000
2018-09-06,53.44418099923575,53.70877030386008,52.27952809791721,52.70475769042969,137160000
2018-09-07,52.40946898858465,53.241025220168055,52.14015746721869,52.279537200927734,150479200
2018-09-10,52.19684302288819,52.40945962051581,51.13849662341598,51.57789993286133,158066000
2018-09-11,51.5023121086548,52.98825308112941,51.15976728379987,52.8819465637207,142996000
2018-09-12,53.13943780306241,53.15361152271487,51.93462116666355,52.225196838378906,197114800
2018-09-13,52.80398111284486,53.94501243257914,52.579555468815734,53.48670959472656,166825600
2018-09-14,53.3307974801661,53.58829636809597,52.567748762526286,52.879581451416016,127997200
2018-09-17,52.48033058839213,52.66932192659372,51.327490274311316,51.471595764160156,148780400
2018-09-18,51.450338134874215,52.409468667615585,51.292058905319834,51.55664825439453,126286800
2018-09-19,51.61806488301106,51.88265060670735,50.86210309765727,51.58735275268555,108495200
2018-09-20,52.02911525185576,52.51103971221684,51.77161281099577,51.9795036315918,106435200
2018-09-21,52.15668660065999,52.29370523412945,51.332213714764634,51.41962432861328,384986800
2018-09-24,51.22117980915976,52.27007462582272,51.17629396428062,52.15904235839844,110773600
2018-09-25,51.91335471262328,52.638607860257046,51.9015420793463,52.489776611328125,98217600
2018-09-26,52.208650996905945,52.85830615636971,51.91571428185233,52.071632385253906,95938800
2018-09-27,52.87484932822745,53.49379241878552,52.808699298788234,53.14179611206055,120724800
2018-09-28,53.103997129259895,53.35204802436929,52.922096263594824,53.328426361083984,91717600
2018-10-01,53.85051643777683,54.197787005703184,53.47253734395038,53.6875114440918,94403200
2018-10-02,53.68514003040311,54.334795190286975,53.53867347513633,54.164703369140625,99152800
2018-10-03,54.346615881992015,55.15455034988667,54.28283053842638,54.82381820678711,114619200
2018-10-04,54.51906562598968,54.88996142629786,53.56229994728196,53.859962463378906,128168000
2018-10-05,53.85287558101716,53.95918207755952,52.10943606076721,52.985877990722656,134322000
2018-10-08,52.4944984197217,53.10635456732336,52.01965727271119,52.86302947998047,118655600
2018-10-09,52.832330220069366,53.68987635310737,52.50395914620055,53.59537887573242,107564000
2018-10-10,53.26228031441347,53.47253222410703,51.03927739644141,51.112510681152344,167962400
2018-10-11,50.677831437884706,51.854296937675905,50.15810799817568,50.661293029785156,212497600
2018-10-12,52.07163159044692,52.652779237568915,51.2258982722889,52.47087478637695,161351600
2018-10-15,52.24644946201455,52.40472864854832,51.32748286247947,51.3487434387207,123164000
2018-10-16,51.71964012658048,52.67877048262682,51.20700353895954,52.48032760620117,116736000
2018-10-17,52.51575697781101,52.59607710740567,51.816490261193174,52.25353240966797,91541600
2018-10-18,51.46686978304842,51.9109988853349,50.31875164361143,51.03219223022461,130325200
2018-10-19,51.5141122823474,52.270073962346146,51.36528103115512,51.809410095214844,132314800
2018-10-22,51.922792492432066,52.766164598324785,51.721992184868704,52.12595748901367,115168400
2018-10-23,50.98731252485266,52.74020027152465,50.72036209337525,52.61735534667969,155071200
2018-10-24,52.586644215954536,52.97171017320504,50.68256059159632,50.81249237060547,163702000
2018-10-25,51.43143757260694,52.2984316284464,51.204647237524014,51.925174713134766,119423200
2018-10-26,51.00383780130841,52.017301933671156,50.240789247146296,51.09833526611328,189033600
2018-10-29,51.78106099858024,51.899180119940304,48.68633857706264,50.13920593261719,183742000
2018-10-30,49.88171108747019,50.83375106190796,49.43758557487864,50.389625549316406,146640000
2018-10-31,51.23535895942081,52.07872773863771,51.17393470003853,51.70310974121094,153435600
2018-11-01,51.747997017825796,52.52994516393309,51.21882196206112,52.49687194824219,233292800
2018-11-02,49.503724364174225,50.472298994177216,48.5304203553,49.01470947265625,365314800
2018-11-05,48.26347923934601,48.28473981849687,46.81533749201692,47.62327194213867,264654800
2018-11-06,47.701232888220325,48.36270079071048,47.64689909334055,48.138275146484375,127531600
2018-11-07,48.65799358134124,49.62420717738596,48.223316058070075,49.59822082519531,133697600
2018-11-08,49.77839177248752,49.81158038382015,49.01268077134279,49.4251708984375,101450400
2018-11-09,48.72819972871447,48.83724645780114,47.94589272105692,48.472171783447266,137463200
2018-11-12,47.17543835522245,47.37694293079011,45.94034111622578,46.030426025390625,204542000
2018-11-13,45.42828698201078,46.74398093275625,45.38561385200852,45.57052230834961,187531600
2018-11-14,45.96642905840981,46.10392577764723,44.0770401608399,44.283287048339844,243204000
2018-11-15,44.66021072748847,45.5088950350297,44.30698624887807,45.37614059448242,185915200
2018-11-16,45.1604162701442,46.22008616964554,44.91387280704754,45.87871551513672,147713200
2018-11-19,45.041890449513616,45.20783353297529,43.854208219357986,44.06045150756836,167701200
2018-11-20,42.28485054583868,43.019745978740524,41.60685143343039,41.9553337097168,271300800
2018-11-21,42.607250817126655,42.735266618961745,41.85339364940584,41.90791702270508,124496800
2018-11-23,41.471712178076345,41.86523677581729,40.7984555811397,40.8434944152832,94496000
2018-11-26,41.30576604178376,41.474078369668035,40.36225480749693,41.39584732055664,179994000
2018-11-27,40.65859891607065,41.43142518724016,40.50925196099607,41.305782318115234,165549600
2018-11-28,41.89606521990837,42.97706991484424,41.46935188841063,42.894100189208984,184250000
2018-11-29,43.30184364075627,43.335032251064035,42.12601187203321,42.564579010009766,167080000
2018-11-30,42.74000397877434,42.749488506107106,41.967181396370556,42.33462905883789,158126000
2018-12-03,43.72855352828848,43.842342523740484,42.958100347142334,43.81389617919922,163210000
2018-12-04,42.89647827474399,43.23784900967156,41.78702700351775,41.886592864990234,165377200
2018-12-06,40.71786790117009,41.43379791374435,40.40020490851023,41.41957473754883,172393600
2018-12-07,41.12798162215356,41.36504416362529,39.89762645314932,39.94266891479492,169126400
2018-12-10,39.115325064377515,40.32197270882044,38.719430996285325,40.205814361572266,248104000
2018-12-11,40.69416374537951,40.72497942132242,39.589451243722934,39.97586441040039,189126800
2018-12-12,40.3954587070733,40.75579481048931,40.06831483459586,40.0872802734375,142510800
2018-12-13,40.41679401583242,40.909884536388844,40.19395464798327,40.525840759277344,127594400
2018-12-14,40.06356023943796,40.08252567244225,39.18168749981416,39.22909927368164,162814800
2018-12-17,39.221995872633826,39.909479397667184,38.57718548508604,38.86403274536133,177151600
2018-12-18,39.205406665323395,39.71508971376303,38.97071343268076,39.368980407714844,135366000
2018-12-19,39.35237304092806,39.69611292535838,37.71427037932862,38.14098358154297,196189200
2018-12-20,38.02482772479942,38.43020623587975,36.815811012529885,37.17851638793945,259092000
2018-12-21,37.18563172221628,37.493813760545514,35.47167049927005,35.73243713378906,382978400
2018-12-24,35.12082405247148,35.92683909289453,34.75100696144994,34.80790328979492,148676800
2018-12-26,35.15638085749842,37.273347931699135,34.7818215521374,37.259124755859375,234330000
2018-12-27,36.94382229366778,37.16429231852565,35.575974156047664,37.017311096191406,212468400
2018-12-28,37.337363577504895,37.5791684687524,36.638029554590304,37.036293029785156,169165600
2018-12-31,37.581538291826234,37.778300708001446,37.09555917884299,37.39426040649414,140014000
2019-01-02,36.718628360025384,37.65739790875464,36.5621661656891,37.436927795410156,148158800
2019-01-03,34.13226039084803,34.54475047514119,33.66287761719509,33.70792007446289,365248800
2019-01-04,34.262650244247524,35.21564271315385,34.0895955946681,35.14689254760742,234428400
2019-01-07,35.25121141322671,35.28203071183349,34.58743534355033,35.06867218017578,219111200
2019-01-08,35.45507379403959,35.990837462958424,35.2085303378544,35.737178802490234,164101200
2019-01-09,35.86517656851922,36.633260210875704,35.47165564956341,36.34404373168945,180396400
2019-01-10,36.15202317351654,36.500505260047404,35.76324090506327,36.460205078125,143122800
2019-01-11,36.2421149502893,36.43650431282502,35.91733687635287,36.10224533081055,108092800
2019-01-14,35.76088417549152,35.860450004234444,35.37447109321598,35.55937957763672,129756800
2019-01-15,35.62338698103528,36.36302090848889,35.571232935659744,36.28716278076172,114843600
2019-01-16,36.289524764426844,36.95330042990781,36.27055933200894,36.73046112060547,122278800
2019-01-17,36.55503044271233,37.37526814219723,36.33219115255746,36.94855499267578,119284800
2019-01-18,37.33735590651915,37.42744084338128,36.97701977635849,37.17615509033203,135004000
2019-01-22,37.07893917894597,37.1547972829931,36.18047045549764,36.3416748046875,121576000
2019-01-23,36.54318990699627,36.7778831290405,35.96238739453365,36.48866653442383,92522400
2019-01-24,36.53371051743065,36.621422505300714,35.971873419279106,36.1994514465332,101766000
2019-01-25,36.85848824802213,37.48670624384689,36.58349840941583,37.398990631103516,134142000
2019-01-28,36.93197130900929,37.05998710557618,36.4270305613809,37.05287551879883,104768400
2019-01-29,37.041028491557945,37.48670730390051,36.53371471002909,36.66883850097656,166348800
2019-01-30,38.70046213932008,39.38794210253695,37.98453220972156,39.17458724975586,244439200
2019-01-31,39.37846066569241,40.06357129642498,39.011012986557645,39.45669174194336,162958400
2019-02-01,39.5799665216834,40.058830287377425,39.33578875751876,39.47565841674805,130672400
2019-02-04,39.68664637395677,40.69416231326555,39.65582708181052,40.59696578979492,125982000
2019-02-05,40.978640381799345,41.504919632922416,40.8577397603801,41.291561126708984,144406400
2019-02-06,41.402975219897854,41.6210759612757,40.97626549992744,41.305782318115234,112958400
2019-02-07,40.86958496796045,41.23466334560738,40.381236660330636,40.523475646972656,126966800
2019-02-08,40.23301855889848,40.630610517833716,40.09731162648508,40.57109069824219,95280000
2019-02-11,40.723455587227264,40.7615491383027,40.29491221963111,40.337764739990234,83973600
2019-02-12,40.49727895932219,40.71154881575849,40.40204508650543,40.685359954833984,89134000
2019-02-13,40.804412092258794,41.06391766381333,40.454435221967046,40.516334533691406,89960800
2019-02-14,40.40443489478929,40.77345486056133,40.325868299005165,40.6639404296875,87342800
2019-02-15,40.77107731063168,40.87821226167595,40.41395838528309,40.57347106933594,98507200
2019-02-19,40.404439480348884,40.816315650930065,40.352061743881706,40.69489288330078,75891200
2019-02-20,40.75678236242413,41.263892264881214,40.70916724485647,40.95676803588867,104457600
2019-02-21,40.90201766804449,41.03772095743167,40.54489877740289,40.72583770751953,68998800
2019-02-22,40.84963489456358,41.18770696667767,40.80201977491948,41.180564880371094,75652800
2019-02-25,41.4638851993361,41.870998703552395,41.413886955814164,41.48054885864258,87493600
2019-02-26,41.356748410721536,41.73529354904754,41.22818358043654,41.504356384277344,68280800
2019-02-27,41.23770671972961,41.66386696049311,41.12342606902132,41.63291549682617,111341600
2019-02-28,41.501978939190536,41.64244483272273,41.16866579075333,41.22342300415039,112861600
2019-03-01,41.49245157272372,41.69957935859273,41.1615215591532,41.6567268371582,103544800
2019-03-04,41.8281478996669,42.318590618981844,41.41865126099976,41.866241455078125,109744800
2019-03-05,41.88766004746085,41.90194421992407,41.5543469478492,41.79004669189453,78949600
2019-03-06,41.58530531623897,41.780532059793444,41.41150846773898,41.54959487915039,83241600
2019-03-07,41.39483191254346,41.53053880871638,40.954387544867565,41.06866455078125,99185600
2019-03-08,40.549662045743496,41.2043800226722,40.35443530524196,41.16628646850586,95997600
2019-03-11,41.780536704959346,42.64476207379975,41.74720574903715,42.592384338378906,128044000
2019-03-12,42.854273633241505,43.48994492286504,42.70428251302859,43.070926666259766,129870400
2019-03-13,43.389951908070735,43.639935896652894,43.0733060069069,43.261390686035156,124130000
2019-03-14,43.78277116143453,43.83038991608697,43.46374584894839,43.7422981262207,94318000
2019-03-15,44.00894419863652,44.59937963267705,43.74467612555862,44.311302185058594,156171600
2019-03-18,44.23512421911368,44.851748588606974,44.23274110168336,44.7636604309082,104879200
2019-03-19,44.8422339518956,44.99460454615995,44.26369941100965,44.40892791748047,126585600
2019-03-20,44.337498406840204,45.11363909902574,43.98037952623001,44.796993255615234,124140800
2019-03-21,45.23981670799699,46.74209608153798,45.189818470815716,46.446876525878906,204136800
2019-03-22,46.50640098152946,47.06588868608585,45.42076015573601,45.485042572021484,169630800
2019-03-25,45.59455842593482,45.70645597035694,44.42559200356954,44.935081481933594,175381200
2019-03-26,45.630285451688906,45.920742526135356,43.94468335225947,44.4708366394043,199202000
2019-03-27,44.937454282127696,45.17791299458407,44.41368070712132,44.870792388916016,119393600
2019-03-28,44.98507413606459,45.13030262573335,44.647002032678536,44.93031692504883,83121600
2019-03-29,45.19458000126423,45.25409980788769,44.887455764718766,45.223148345947266,94256000
2019-04-01,45.62549985408957,45.63502142409806,44.84936293398055,45.530269622802734,111448000
2019-04-02,45.49456079952432,46.29689030333463,45.48503922841955,46.192134857177734,91062800
2019-04-03,46.00882111856958,46.782578782918094,45.98501173731516,46.5087890625,93087200
2019-04-04,46.37545960019598,46.75162528431652,45.98263025616197,46.5897331237793,76457200
2019-04-05,46.770674624732635,46.92542833904499,46.64687237984307,46.90161895751953,74106400
2019-04-08,46.763518854192455,47.67060007976338,46.74447208110534,47.639652252197266,103526800
2019-04-09,47.692037644042145,48.294377862741904,47.432528497673395,47.49681091308594,143072800
2019-04-10,47.30158014519366,47.7920264154458,47.18254052900446,47.76345443725586,86781200
2019-04-11,47.818220384265864,47.8539308198169,47.2444485010714,47.365867614746094,83603200
2019-04-12,47.425395064355484,47.649190183974554,46.71354029389259,47.34682846069336,111042800
2019-04-15,47.27777558297322,47.58013723283315,47.142068673382234,47.432525634765625,70146400
2019-04-16,47.48728843219198,47.94201703520826,47.27301492918647,47.43729019165039,102785600
2019-04-17,47.50633470465432,48.42056183866063,47.28492273304426,48.36104202270508,115627200
2019-04-18,48.35866346517399,48.60388483941053,48.215818073091455,48.53484344482422,96783200
2019-04-22,48.28961339420896,48.791960743297345,48.17295325708763,48.6943473815918,77758000
2019-04-23,48.67054028599068,49.46096515519979,48.544358571646036,49.39668273925781,93292000
2019-04-24,49.36811836306549,49.63476598723901,49.29431436943186,49.32050323486328,70162400
2019-04-25,49.24194080750497,49.46335280715113,48.83482361638554,48.87291717529297,74172800
2019-04-26,48.78244041242512,48.80624979227358,48.12058034001254,48.63959503173828,74596400
2019-04-29,48.66339973624621,49.03718592161168,48.53483853310215,48.71339797973633,88818800
2019-04-30,48.34437705945112,48.4253231411779,47.403964648609836,47.775367736816406,186139600
2019-05-01,49.96808228138352,51.260851075448706,49.81332856402731,50.120452880859375,259309200
2019-05-02,49.958544811914926,50.627546867778136,49.551431362489616,49.79426956176758,127985200
2019-05-03,50.20854358720607,50.434718196346275,50.051410376846924,50.413291931152344,83569600
2019-05-06,48.63720541769776,49.72046666569017,48.449124420101235,49.63475799560547,129772400
2019-05-07,49.01576483871082,49.38240534277165,47.81346371111648,48.2967643737793,155054800
2019-05-08,48.06820277536153,48.88719603885827,48.03249233826774,48.30628204345703,105358000
2019-05-09,47.71109391081329,48.01583514746375,46.820679585801074,47.78728103637695,139634400
2019-05-10,47.18260833059418,47.524374640553994,46.07127795478432,47.125247955322266,164834800
2019-05-13,44.861959909569315,45.28498038440615,43.70043870801492,44.386356353759766,229722400
2019-05-14,44.55127083697869,45.33756652424248,44.31227469963762,45.089012145996094,146118800
2019-05-15,44.51780844350511,45.827506164416576,44.458059413303786,45.6291389465332,106178800
2019-05-16,45.387746348226955,45.999575728464684,45.13201879261702,45.428375244140625,132125600
2019-05-17,44.67554149512822,45.624356352136516,44.63491259367641,45.170265197753906,131516400
2019-05-20,43.860571289289304,44.05893851702306,43.086222506583134,43.7578010559082,154449200
2019-05-21,44.26686007189899,44.93126897024765,44.14258107279463,44.596675872802734,113459200
2019-05-22,44.13301433164852,44.38396092978839,43.62873248755831,43.68370056152344,118994400
2019-05-23,42.971493360958156,43.14834811570733,42.495889877163144,42.93803405761719,146118800
2019-05-24,43.067084983480726,43.53073787708317,42.689470808761115,42.77312088012695,94858800
2019-05-28,42.76116790981885,43.160290829795244,42.51978323992843,42.59626007080078,111792800
2019-05-29,42.16368959133705,42.863950028564076,42.063311671553926,42.39312744140625,113924800
2019-05-30,42.52935649566115,42.83527122076542,42.22344177055687,42.613006591796875,84873600
2019-05-31,42.118278060238815,42.53891349401557,41.821925255667836,41.84104537963867,108174400
2019-06-03,41.96771001391318,42.52217898232048,40.6938605637744,41.41801834106445,161584400
2019-06-04,41.92948637061777,42.97867935405244,41.7096103437768,42.93326950073242,123872000
2019-06-05,44.04219726486092,44.21188608599536,43.29174972065366,43.6263427734375,119093600
2019-06-06,43.755401877552906,44.32660235130905,43.533133631324745,44.26685333251953,90105200
2019-06-07,44.575157115158966,45.86812677005471,44.39830235170156,45.44510269165039,122737600
2019-06-10,45.84184325115213,46.692668818811526,45.79643340678976,46.02587127685547,104883600
2019-06-11,46.57077698006724,46.84323236940541,46.26964322768004,46.5588264465332,107731600
2019-06-12,46.35328797515427,46.836061067320955,46.21945075676128,46.410648345947266,73012800
2019-06-13,46.53255259348959,47.032053703081026,46.26965900007981,46.40110397338867,86698400
2019-06-14,45.779696276386936,46.26724663690452,45.48095119972922,46.06410217285156,75046000
2019-06-17,46.10233608169049,46.59467100260571,45.927869988201316,46.33894348144531,58676400
2019-06-18,46.85519413749216,47.86853544063034,46.654438254431774,47.42878341674805,106204000
2019-06-19,47.72273582766585,47.77053796142273,47.15631628119662,47.29015350341797,84496800
2019-06-20,47.88764587347905,47.945006248507305,47.32839589241973,47.670162200927734,86056000
2019-06-21,47.512425596440636,48.002368332728025,47.35707594275429,47.50764465332031,191202400
2019-06-24,47.45027698241665,47.837453086244224,47.361849605634255,47.4598388671875,72881600
2019-06-25,47.423984647044996,47.62235180697969,46.67353719281499,46.74045944213867,84281200
2019-06-26,47.266261076876305,48.03582883274254,47.16588314960564,47.75142288208008,104270000
2019-06-27,47.86852455047612,48.17444289617968,47.69645072327974,47.73707962036133,83598800
2019-06-28,47.48374832133551,47.67972689411709,47.09418711775815,47.3021125793457,124442400
2019-07-01,48.556846508935166,48.87232317187957,47.95457520036334,48.169673919677734,109012000
2019-07-02,48.13619868850289,48.54727221513432,48.124248155805006,48.4516716003418,67740800
2019-07-03,48.583124628476725,48.86036096665152,48.44211781134659,48.85319137573242,45448000
2019-07-05,48.599851347583254,49.01331351953692,48.492300200743436,48.81016540527344,69062000
2019-07-08,47.992813828081516,48.13382067409461,47.4192245563178,47.80400848388672,101354400
2019-07-09,47.608026922078025,48.16010738213968,47.51481858007789,48.0955810546875,82312000
2019-07-10,48.24137007294178,48.69068031541606,48.17205915336362,48.57118225097656,71588400
2019-07-11,48.590301633564366,48.84841788640936,48.207910021298474,48.21746826171875,80767200
2019-07-12,48.38475394958472,48.7551985897967,48.32500493170507,48.5879020690918,70380800
2019-07-15,48.77672490000242,49.202137768531074,48.75521612106143,49.044403076171875,67789600
2019-07-16,48.89621122738501,49.25948632051337,48.63570635359561,48.87470245361328,67467200
2019-07-17,48.7671576951322,49.01571204861512,48.580741018322186,48.59986114501953,56430000
2019-07-18,48.75519741827764,49.20451118890925,48.683497869186766,49.15193176269531,74162400
2019-07-19,49.183015084199354,49.352703951769605,48.36326005715543,48.41822814941406,83717200
2019-07-22,48.67155480779176,49.52716129222279,48.661996568281346,49.52477264404297,89111600
2019-07-23,49.821129303572306,49.92867682071002,49.54150065350668,49.91194534301758,73420800
2019-07-24,49.632311313188424,49.9860244606776,49.512813283259206,49.871307373046875,59966400
2019-07-25,49.923892185802046,50.0075422744963,49.407659765565704,49.47697067260742,55638400
2019-07-26,49.58690653571559,50.124647725241516,49.50564874230592,49.6490478515625,70475600
2019-07-29,49.82112193871518,50.34213161648365,49.81634099625393,50.112693786621094,86693600
2019-07-30,49.89282495285342,50.22742168380975,49.546281334227054,49.897605895996094,135742800
2019-07-31,51.72353753914433,52.906567550868054,50.49987862645295,50.91572952270508,277125600
2019-08-01,51.1212623066255,52.10831732750633,49.41005306995918,49.8139533996582,216071600
2019-08-02,49.12085815816069,49.33595314572935,48.188775016309386,48.75997543334961,163448400
2019-08-05,47.31883830566207,47.47657295728015,46.02586855255384,46.20750427246094,209572000
2019-08-06,46.917329331748846,47.33796485122246,46.374807099768596,47.082237243652344,143299200
2019-08-07,46.702232636878804,47.694065075152395,46.322229681695646,47.569786071777344,133457600
2019-08-08,47.84701267554443,48.642870029434654,47.653426441558544,48.61896896362305,108038000
2019-08-09,48.292707715938555,48.64296573649967,47.810498015760096,48.21833801269531,98478800
2019-08-12,47.88967908168095,48.4726482380733,47.77692380576654,48.09599685668945,89927600
2019-08-13,48.225529607627415,50.8932623822907,48.095979326471294,50.13276672363281,188874000
2019-08-14,48.73891407271512,49.52579916712889,48.60216698915963,48.64055252075195,146189600
2019-08-15,48.81090512777732,49.21394238525781,47.90166625323127,48.39826965332031,108909600
2019-08-16,49.00761940403555,49.69854452652455,48.90206099247231,49.54020690917969,110481600
2019-08-19,50.52859669244999,51.03479445302803,50.38705416230839,50.46382522583008,97654400
2019-08-20,50.590983470819914,51.18354695733414,50.45663774540958,50.46623229980469,107537200
2019-08-21,51.09719730508161,51.255531296319546,50.76373061070618,51.01322937011719,86141600
2019-08-22,51.1451798626442,51.44506012952433,50.55981299599053,50.97005081176758,89014800
2019-08-23,50.2431213591193,50.87167268359999,48.22073125322143,48.614173889160156,187272000
2019-08-26,49.38667429026109,49.70574728667128,49.19475021549554,49.53781509399414,104174400
2019-08-27,49.866484637260236,50.0320191125947,48.82769906450178,48.97883987426758,103493200
2019-08-28,48.96444154769402,49.35308512364201,48.77731659181928,49.30750274658203,63755200
2019-08-29,50.02001851007021,50.21674168290386,49.5785957240762,50.14236831665039,83962000
2019-08-30,50.418254378102155,50.48782496724096,49.708136520945146,50.07759094238281,84573600
2019-09-03,49.52341468933475,49.65536271132292,48.99322853822822,49.34828567504883,80092000
2019-09-04,49.993622833766814,50.255117463865645,49.73692731137663,50.185546875,76752400
2019-09-05,50.859671080373495,51.33228246769847,50.74211674919472,51.166748046875,95654800
2019-09-06,51.351479283319904,51.440242639191425,50.982024876577526,51.16195297241211,77449200
2019-09-09,51.54100725454967,51.92485536288293,50.63657123511484,51.380271911621094,109237600
2019-09-10,51.30590525316312,52.00642498087169,50.79011275885333,51.98723220825195,127111600
2019-09-11,52.31589898333976,53.66895822314736,52.234328791439815,53.640167236328125,177158400
2019-09-12,53.93046330551826,54.31910692667731,53.46504858550695,53.520225524902344,128906800
2019-09-13,52.77891078404018,52.968433443898334,52.06399747203743,52.47903060913086,159053200
2019-09-16,52.23432939484169,52.81010154946968,52.19354612874398,52.754920959472656,84632400
2019-09-17,52.76931927731361,52.9756369959949,52.56779700604228,52.94684600830078,73274800
2019-09-18,53.03319806041049,53.46262843560765,52.64455460227452,53.44343566894531,101360000
2019-09-19,53.26112420617858,53.68095650952987,52.86768150832097,53.00922775268555,88242400
2019-09-20,53.10998156197395,53.393066700070236,52.17195546286078,52.23432922363281,221652400
2019-09-23,52.52701301972165,52.74052756724027,52.21513689194302,52.47183609008789,76662000
2019-09-24,53.026012342649935,53.37627400150818,52.1047813136798,52.22233200073242,124763200
2019-09-25,52.4310624868371,53.138779129113395,52.092796693735195,53.026023864746094,87613600
2019-09-26,52.77891493348246,53.00442542844722,52.498227506977486,52.752525329589844,75334000
2019-09-27,52.90846232712596,53.00922529663117,52.1263760760949,52.49583053588867,101408000
2019-09-30,52.99482339997101,53.8776725443419,52.968433797976715,53.73133087158203,103909600
2019-10-01,53.99521870942193,54.75091517647276,53.78649964867808,53.880062103271484,139223200
2019-10-02,53.513023851006665,53.63777504503247,52.282314281140316,52.5294189453125,138449200
2019-10-03,52.40225732926954,53.009218145622405,51.61057662923273,52.97563171386719,114426000
2019-10-04,54.131972438434296,54.57579658165948,53.71214017454711,54.46063995361328,138478800
2019-10-07,54.283118305032474,55.161164797015786,54.17995760700077,54.47264099121094,122306000
2019-10-08,54.175151178670255,54.712534075004065,53.817692715154585,53.8344841003418,111820000
2019-10-09,54.4654426574707,54.64776850627761,54.13197601227896,54.4654426574707,74770400
2019-10-10,54.68134917544705,55.28351091299054,54.530212055651084,55.19954299926758,113013600
2019-10-11,55.88566533456895,57.010816269501035,55.732126840588336,56.667755126953125,166795600
2019-10-14,56.35347815849409,57.128371126988384,56.29830123407863,56.586185455322266,96427600
2019-10-15,56.71094972289009,57.01322767590327,56.34869572407409,56.454254150390625,87360000
2019-10-16,55.98643706861519,56.43506037247949,55.94565379747248,56.226341247558594,73903200
2019-10-17,56.39907780281877,56.653375670483044,56.0224301103295,56.44466018676758,67585200
2019-10-18,56.27910911439278,56.9964237826621,56.20713714308924,56.715736389160156,97433600
2019-10-21,56.98203358379018,57.81450126035305,56.93405348688718,57.699344635009766,87247200
2019-10-22,57.85527846851607,58.104777142678074,57.485824073685386,57.5673942565918,82293600
2019-10-23,58.08079246759652,58.35428303469319,57.869675657680986,58.33988571166992,75828800
2019-10-24,58.65895731915361,58.728531566591116,58.0112169023734,58.435848236083984,69275200
2019-10-25,58.33509915752011,59.19155514531401,58.2679262824244,59.15557098388672,73477200
2019-10-28,59.35708585255852,59.79611089742203,59.1891536754474,59.748130798339844,96572800
2019-10-29,59.72893318688571,59.9160581205968,58.19354817678271,58.366275787353516,142839600
2019-10-30,58.718945163935885,58.84849546974143,57.86728826237409,58.35908889770508,124522000
2019-10-31,59.31390665702909,59.7769199351258,56.919660471431264,59.678558349609375,139162000
2019-11-01,59.86567872270404,61.398666062574364,59.77451763685892,61.37228012084961,151125200
2019-11-04,61.73451978266329,61.85927460221212,61.26671117323188,61.775306701660156,103272000
2019-11-05,61.66735752356005,61.940851762991464,61.492232183395174,61.686553955078125,79897600
2019-11-06,61.600188782243734,61.772920071009715,61.26432442111376,61.71294403076172,75864400
2019-11-07,62.259158538774514,62.64656766388103,62.107563983005626,62.42518997192383,94940400
2019-11-08,62.24713806630478,62.668230843713935,61.804389970107614,62.596046447753906,69986400
2019-11-11,62.153279546974815,63.156686525438744,62.14846970255619,63.09172058105469,81821200
2019-11-12,62.93528632643566,63.23366546892167,62.78369917711519,63.03394317626953,87388800
2019-11-13,62.834251020126196,63.71252861529015,62.819814143525335,63.637935638427734,102734400
2019-11-14,63.46468706949581,63.73659382314395,63.06765826833198,63.19759750366211,89182800
2019-11-15,63.447842302165945,63.95315502891984,63.28662806062503,63.94834518432617,100206400
2019-11-18,63.95798910321144,64.35020821277101,63.580214219453254,64.27080535888672,86703200
2019-11-19,64.46326841713567,64.48733232322434,63.85930623096703,64.07586669921875,76167200
2019-11-20,63.89542888738664,64.02536082433262,62.65861548872396,63.329959869384766,106234400
2019-11-21,63.45026785998437,63.52726945371506,62.846298083028294,63.0460205078125,121395200
2019-11-22,63.18556299119027,63.32753051201079,62.76447027335383,62.990657806396484,65325200
2019-11-25,63.21445211320928,64.11198402499917,63.16873287669626,64.09513854980469,84020400
2019-11-26,64.23226903943005,64.28520669383914,63.163896263735886,63.5946159362793,105207600
2019-11-27,63.905031361017265,64.48253585383468,63.8400654100489,64.44884490966797,65235600
2019-11-29,64.15047272971776,64.48734545373158,63.98203269607354,64.30687713623047,46617600
2019-12-02,64.3116891343449,64.54750372068722,63.39250938731946,63.563350677490234,94487200
2019-12-03,62.15568497851831,62.44924702514498,61.66962635910549,62.43000030517578,114430400
2019-12-04,62.81982668593476,63.35882310204498,62.72597962601802,62.981040954589844,67181600
2019-12-05,63.47431308955241,63.97962580264489,63.21925181077436,63.905025482177734,74424400
2019-12-06,64.36221509760516,65.20921031494399,64.31889712610206,65.1394271850586,106075600
2019-12-09,64.96859806309656,65.16109467560312,63.74382055858157,64.22747802734375,128042400
2019-12-10,64.63172562536087,64.98544384355337,63.97240967069265,64.60285186767578,90420400
2019-12-11,64.68224026163169,65.23327215869327,64.60764728983901,65.15386199951172,78756800
2019-12-12,64.43441196912849,65.58459649359327,64.3237267833271,65.31990814208984,137310400
2019-12-13,65.31991225453659,66.24390927709698,65.19238158759332,66.20781707763672,133587600
2019-12-16,66.65296604245897,67.56493467366947,66.64815619751495,67.34114837646484,128186000
2019-12-17,67.27137945536563,67.80074884102518,67.08609392860065,67.47350311279297,114158400
2019-12-18,67.32669273345803,67.83200535618194,67.16306993166862,67.312255859375,116028400
2019-12-19,67.25451663334493,67.65876384392536,67.12217615688571,67.379638671875,98369200
2019-12-20,67.91142590788041,68.01248404193913,67.02833114376412,67.24008178710938,275978000
2019-12-23,67.50237420380351,68.39749741890061,67.46387341201411,68.33734130859375,98572000
2019-12-24,68.50336345626253,68.55149127528131,68.07746089671582,68.40229797363281,48478800
2019-12-26,68.53464495904811,69.77626777302233,68.50577120530262,69.7594223022461,93121200
2019-12-27,70.05056661001181,70.73634754482153,69.32869348774332,69.73294067382812,146266000
2019-12-30,69.65114198409366,70.42836149787865,68.63089680153462,70.1468276977539,144114400
2019-12-31,69.76423961467027,70.66658123217782,69.6655827166298,70.65936279296875,100805600
2020-01-02,71.28256770874596,72.3316938789073,71.02991503384398,72.27153778076172,135480400
2020-01-03,71.50153415769186,72.32687403151142,71.34512977691992,71.56890869140625,146322800
2020-01-06,70.693043053502,72.17769145821572,70.44279162661955,72.13919067382812,118387200
2020-01-07,72.14881244029856,72.40387369288733,71.58094243439095,71.79991149902344,108872000
2020-01-08,71.50396791568657,73.2557137520239,71.50396791568657,72.9549331665039,132079200
2020-01-09,73.92945874874111,74.69705138445374,73.67921459070213,74.50455474853516,170108400
2020-01-10,74.73794692643483,75.23604124225797,74.17247806619659,74.6729736328125,140644800
2020-01-13,74.98821677713917,76.29480594647003,74.87030578803139,76.2683334350586,121532000
2020-01-14,76.20574860255036,76.41509065064128,75.11572039023919,75.23843383789062,161954400
2020-01-15,75.03872116096186,75.91699875877144,74.48528063092401,74.91600036621094,121923600
2020-01-16,75.45740996278018,75.96513130059404,75.09647333767747,75.85443878173828,108829200
2020-01-17,76.10228772628851,76.69663037690943,75.79669733616299,76.69422912597656,137816400
2020-01-21,76.3236396603529,76.76397899844628,76.03729609077709,76.17445373535156,110843200
2020-01-22,76.65811628441689,76.9973975614814,76.3525259473167,76.44637298583984,101832400
2020-01-23,76.499312044199,76.89393223945343,75.95308995960856,76.81452941894531,104472000
2020-01-24,77.05996684733118,77.80108679471296,76.40305956833261,76.59315490722656,146537600
2020-01-27,74.60800908323662,75.01947479638015,73.36157631651781,74.3409194946289,161940000
2020-01-28,75.21919235562906,76.61481100227473,75.12053546591517,76.4439697265625,162234000
2020-01-29,78.07059329235672,78.88871482326161,77.33187458625076,78.04412078857422,216229200
2020-01-30,77.12975418029563,77.9839679399373,76.69903440937786,77.9310302734375,126743200
2020-01-31,77.2235730132215,77.64466563733676,74.18208496382785,74.47564697265625,199588400
2020-02-03,73.22201466798846,75.43335387455234,72.72151906032097,74.2711410522461,173788400
2020-02-04,75.87128624120515,76.91319410520111,75.46703897288427,76.72309875488281,136616400
2020-02-05,77.8468267012188,78.14520604055271,76.7471784427611,77.34873962402344,118826800
2020-02-06,77.61820397472934,78.25585707985009,77.06236227335305,78.25344848632812,105425600
2020-02-07,77.75418535570422,78.00261640454451,76.70016229061778,77.18978881835938,117684000
2020-02-10,75.77880204777287,77.55641174316406,75.69921076977592,77.55641174316406,109348800
2020-02-11,78.05086071182195,78.12321641331339,76.87141125259707,77.08848571777344,94323200
2020-02-12,77.53711376977571,78.9239878248454,77.53711376977571,78.9191665649414,113730400
2020-02-13,78.1931665675849,78.68279311833038,77.99056323907321,78.357177734375,94747600
2020-02-14,78.32582374819955,78.62491117131455,77.86996808406116,78.37648010253906,80113600
2020-02-18,76.0634053664393,77.12225708916644,75.88250875090567,76.94136047363281,152531200
2020-02-19,77.18255286966328,78.28481796940162,77.18255286966328,78.05567932128906,93984000
2020-02-20,77.81690294978998,78.30411519495496,76.75081563386378,77.25491333007812,100566000
2020-02-21,76.84971694338334,77.2911088758147,74.89121045948235,75.50625610351562,129554000
2020-02-24,71.6977667682717,73.36683527541466,69.76096746559567,71.91966247558594,222195200
2020-02-25,72.58777314716063,72.96885871696044,69.0132548349646,69.48358154296875,230673600
2020-02-26,69.10973846221914,71.84730854807512,69.10250289246999,70.58585357666016,198054800
2020-02-27,67.8000523998572,68.98190880585912,65.8367176160919,65.97178649902344,320605600
2020-02-28,62.04995543810668,67.151238688421,61.835287914284685,65.93319702148438,426510000
2020-03-02,68.08467796117681,72.70598547396882,66.98482686785387,72.07164001464844,341397200
2020-03-03,73.24384124809224,73.32343252495296,68.93367144924383,69.78268432617188,319475600
2020-03-04,71.4999874378904,73.17870588852956,70.70163100181635,73.01951599121094,219178400
2020-03-05,71.27809579631553,72.2501134253378,70.28678576484225,70.65099334716797,187572800
2020-03-06,68.01712645055636,70.14447238483373,67.83140857783133,69.71273040771484,226176800
2020-03-09,63.61531637779285,67.07405914136177,63.43441974354321,64.19901275634766,286744800
2020-03-10,66.84491728627172,69.08803225317006,64.97082373995369,68.82271575927734,285290000
2020-03-11,66.90521300673807,67.82898839120944,65.5713950302336,66.43246459960938,255598800
2020-03-12,61.73157866504394,65.1227869054102,59.81648575015455,59.8719596862793,418474000
2020-03-13,63.89027874713733,67.51544677339488,61.01040024313374,67.04511260986328,370732000
2020-03-16,58.35724302986641,62.488918914128035,57.88691260105301,58.41995620727539,322423600
2020-03-17,59.69828839419459,62.1343603897057,57.50099755431687,60.988685607910156,324056000
2020-03-18,57.83144944633274,60.298878525080625,57.192279125756,59.495697021484375,300233600
2020-03-19,59.669353459047855,60.98386817289122,58.51643928547833,59.039833068847656,271857200
2020-03-20,59.6187005747609,60.74026183260014,54.99257275597992,55.291656494140625,401693200
2020-03-23,55.01187574325441,55.113177422037836,51.28058067981566,54.11703872680664,336752800
2020-03-24,57.00897078096802,59.741716345644676,56.51210862018161,59.546348571777344,287531200
2020-03-25,60.47977034705603,62.28873655883238,58.924060140998606,59.218318939208984,303602000
2020-03-26,59.45951071644022,62.39244495401999,59.42091855638433,62.33456039428711,252087200
2020-03-27,60.962164721931764,61.7146935301043,59.58735106071219,59.75377655029297,204216800
2020-03-30,60.477366294133525,61.63028059072722,60.154161498746404,61.45903015136719,167976400
2020-03-31,61.649560602994704,63.31139348283063,60.781255481124106,61.33359146118164,197002000
2020-04-01,59.45468518637688,59.990139440698485,57.6770756954336,58.10640335083008,176218400
2020-04-02,57.968921460111474,59.129071143668284,57.13920841031964,59.07600784301758,165934000
2020-04-03,58.56225508385467,59.26172040581901,57.638476083102184,58.226993560791016,129880000
2020-04-06,60.51593510688668,63.46092940152983,60.14932068380105,63.30656814575195,201820400
2020-04-07,65.31573677087265,65.53281860383495,62.46963288857008,62.57334518432617,202887200
2020-04-08,63.371695937944736,64.48843215066613,63.00749578061629,64.17488098144531,168895200
2020-04-09,64.80922404965942,65.13966065726305,63.84444219472263,64.63796997070312,161834800
2020-04-13,64.71517076301717,66.01521817669068,64.11700321080237,65.90667724609375,131022800
2020-04-14,67.53472072348299,69.52458303051418,67.06438668844999,69.23514556884766,194994800
2020-04-15,68.11360677368938,69.06150330884216,67.6866933945227,68.60323333740234,131154400
2020-04-16,69.31477144908467,69.51255354700056,68.10155824756667,69.14834594726562,157125200
2020-04-17,68.66594602627303,69.21105020012682,66.77738117936849,68.2100830078125,215250000
2020-04-20,67.04027454445135,67.93992881208341,66.7749580920623,66.79425048828125,130015200
2020-04-21,66.6374787843657,66.87143866583018,64.02050667372501,64.72962188720703,180991600
2020-04-22,65.99346602997456,67.0281962969048,65.6533870131315,66.59404754638672,116862400
2020-04-23,66.53859422059466,67.95682478512697,66.29739874664567,66.33599090576172,124814400
2020-04-24,66.8593881429372,68.2607332539519,66.81114610399659,68.25108337402344,126161200
2020-04-27,67.96889524586273,68.62977598230127,67.52268941813087,68.2993392944336,117087600
2020-04-28,68.76000857373481,68.94090519524222,67.10058974876348,67.1922378540039,112004800
2020-04-29,68.67559111709774,69.86709736755677,68.47298779881385,69.39917755126953,137280800
2020-04-30,69.93703810047037,71.03930319142114,69.54871691757756,70.86322784423828,183064000
2020-05-01,69.04217832813886,72.11741945891185,68.94570164715635,69.72235107421875,240616800
2020-05-04,69.74648724414968,70.83668796153681,69.05907878160424,70.70885467529297,133568000
2020-05-05,71.16713764358983,72.59983938170623,71.02241888364539,71.77012634277344,147751200
2020-05-06,72.46958313423785,73.14010619347668,72.08608325049667,72.51058959960938,142333600
2020-05-07,73.13530028833947,73.6056344607325,72.83380591134457,73.2607192993164,115215200
2020-05-08,73.9185584660756,75.05766251679151,73.59206160601275,75.00445556640625,133838400
2020-05-11,74.5134886448119,76.67802725492889,74.3054951964832,76.18466186523438,145946400
2020-05-12,76.86668099114186,77.31652289559408,75.1930940380801,75.31401824951172,162301200
2020-05-13,75.4929886898536,76.41201718560454,73.33086305668714,74.40467071533203,200622400
2020-05-14,73.6452582213304,74.92221747074527,72.92454733645849,74.86175537109375,158929200
2020-05-15,72.6391808380365,74.4651336180388,72.60531851354459,74.41918182373047,166348400
2020-05-18,75.73966595706034,76.54501787394523,75.0503965474728,76.17256927490234,135178400
2020-05-19,76.18950390013767,77.03355248472863,75.70097277157296,75.73241424560547,101729600
2020-05-20,76.58855856818843,77.2754072194724,76.54986193395195,77.20527648925781,111504800
2020-05-21,77.06740654244075,77.60673109306647,76.39264748790822,76.6296615600586,102688800
2020-05-22,76.36848115298238,77.20528209037693,76.26690893879248,77.12305450439453,81803200
2020-05-26,78.23795799610525,78.41692345166804,76.54501918320653,76.60064697265625,125522000
2020-05-27,76.45795296780663,77.07949771603786,75.7203109556176,76.93438720703125,112945200
2020-05-28,76.61031579665872,78.22344788867842,76.3346124557575,76.96825408935547,133560800
2020-05-29,77.21009317848531,77.66960361164463,76.53775499591495,76.89327239990234,153532400
2020-06-01,76.84733299745191,77.95983717000007,76.71673278825261,77.83891296386719,80791200
2020-06-02,77.57287802595609,78.22345084365439,77.13271214546359,78.19926452636719,87642800
2020-06-03,78.51852014905218,78.89096883567885,77.94775395832036,78.62976837158203,104491200
2020-06-04,78.4531959492946,78.75066471951315,77.58011949942701,77.95256805419922,87560400
2020-06-05,78.2016892052146,80.23321448623865,78.17266857529869,80.1727523803711,137250400
2020-06-08,79.87042779704282,80.68062134923207,79.16181381231353,80.64675903320312,95654400
2020-06-09,80.32753042867137,83.58522126328481,80.29608895604107,83.19342803955078,147712400
2020-06-10,84.13906940528344,85.80056697964382,83.70132432658929,85.33380126953125,166651600
2020-06-11,84.4800574912979,84.90329215862222,81.13529762500492,81.23686981201172,201662400
2020-06-12,83.36997039015924,84.11486012218111,80.83056250550848,81.93822479248047,200146000
2020-06-15,80.59599012122506,83.60216436549862,80.43394842399245,82.95159149169922,138808800
2020-06-16,85.00003381550317,85.420855036557,83.36997801465319,85.14997863769531,165428800
2020-06-17,85.8924354836665,85.95289756796876,84.91053182504783,85.03145599365234,114406400
2020-06-18,84.98793725501275,85.48131000026396,84.45828873010188,85.0653305053711,96820400
2020-06-19,85.7691132840755,86.2334580419222,83.47396713214061,84.57921600341797,264476000
2020-06-22,84.97100398725598,86.93481153740888,84.92505220728616,86.79212188720703,135445200
2020-06-23,88.03280774958151,90.05949829570565,87.61440740737248,88.64468383789062,212155600
2020-06-24,88.27466483721669,89.19127232771852,86.70748456883423,87.0799331665039,192623200
2020-06-25,87.23471346059793,88.27465854046778,86.47772685166568,88.2359619140625,137522400
2020-06-26,88.13195074987644,88.35203361567392,85.37729473069855,85.52482604980469,205256800
2020-06-29,85.43293671398446,87.59022742215014,84.95649512979536,87.49590301513672,130646000
2020-06-30,87.08478576211239,88.51169750741916,87.0654411337816,88.22631072998047,140223200
2020-07-01,88.30369462192029,88.84543272516727,88.01106009800148,88.0594253540039,110737200
2020-07-02,88.96394347072363,89.59758515519175,87.94576368111557,88.0594253540039,114041600
2020-07-06,89.48392866078487,90.88181244031466,89.45248718062501,90.41504669189453,118655600
2020-07-07,90.79231898432114,91.56865036942912,90.0232427568075,90.13449096679688,112424400
2020-07-08,91.10912534007682,92.26516034352021,91.02205608216732,92.23371887207031,117092000
2020-07-09,93.12371357510385,93.1769205126767,91.58556145720479,92.6303482055664,125642800
2020-07-10,92.22647214944136,92.85044518286722,91.6170168108506,92.79239654541016,90257200
2020-07-13,94.09356443653809,96.69585631586999,92.15152153234231,92.36434936523438,191649200
2020-07-14,91.74762040886819,94.08387721865836,90.8165098218761,93.892822265625,170989200
2020-07-15,95.7622883592816,96.01139191075474,93.34380441075506,94.53853607177734,153198000
2020-07-16,93.41394076875463,94.22896866329947,92.77787832126056,93.375244140625,110577600
2020-07-17,93.82509068603153,93.97986982567868,92.71500002379474,93.18660736083984,92186800
2020-07-20,93.27368992018475,95.28828415237645,92.93026189226053,95.15042877197266,90318000
2020-07-21,95.93884432011826,96.01381673517915,93.58807752951296,93.8371810913086,103433200
2020-07-22,93.53970946249737,94.78039302096889,93.4526475751938,94.10079956054688,89001600
2020-07-23,93.83476371071059,93.91215697447913,89.00989228366163,89.81766510009766,197004400
2020-07-24,88.02073328072413,89.93858943355201,86.23830426873995,89.59516143798828,185438800
2020-07-27,90.65445824165903,91.81049336055369,90.4319618348545,91.71858978271484,121214000
2020-07-28,91.29051773530753,91.46706972799262,90.20703422382543,90.21187591552734,103625600
2020-07-29,90.693132172275,92.12487766631008,90.65685639553129,91.94107055664062,90329200
2020-07-30,91.11637343156816,93.15757426558149,90.71006994116662,93.05358123779297,158130000
2020-07-31,99.53029641393837,102.94519477180637,97.53746050279906,102.79524993896484,374336800
2020-08-03,104.67198130172932,107.9973966979683,104.37451250261263,105.38543701171875,308151200
2020-08-04,105.57410265297072,107.17755904324193,104.8533916212951,106.08924102783203,173071600
2020-08-05,105.81109264863613,106.79299653251695,105.34674048719083,106.4737548828125,121776800
2020-08-06,106.80510328626323,110.68193335336008,106.21741336825394,110.18856048583984,202428800
2020-08-07,109.71124638392962,110.1667423327947,106.88863402123575,107.6833267211914,198045600
2020-08-10,109.12492955700957,110.26366958356304,106.6051724150767,109.24849700927734,212403600
2020-08-11,108.51434892717005,109.01102903844416,105.74018931676449,105.99943542480469,187902400
2020-08-12,107.08732184428196,109.77910643524714,106.89349720537619,109.52228546142578,165598000
2020-08-13,110.8984466622293,112.46118443380263,110.41145251692377,111.4605484008789,210082000
2020-08-14,111.28609084035034,111.45084248513194,109.55617638834046,111.36119842529297,165565200
2020-08-17,112.48056244330753,112.50479236850128,110.44537442392807,111.07046508789062,119561600
2020-08-18,110.82333108852379,112.41998472569632,110.48897736471524,111.99598693847656,105633600
2020-08-19,112.40302713967982,113.54661008039473,112.04202566230961,112.13651275634766,145538000
2020-08-20,112.17769677241944,114.73864510178977,112.16073508691606,114.62477111816406,126907200
2020-08-21,115.58179273436723,121.0138133012155,115.56968146956478,120.53166961669922,338054800
2020-08-24,124.72561457851019,124.81042301409434,120.11252368244841,121.9732666015625,345937600
2020-08-25,120.84905806633049,121.31666526163795,119.25482230830535,120.97261810302734,211495600
2020-08-26,122.28579308436115,123.07321745146164,121.22216092863566,122.61772155761719,163022400
2020-08-27,123.21861029302171,123.55053882206776,120.0107589966192,121.15192413330078,155552400
2020-08-28,122.1234863946809,122.54021598651187,120.73277587733193,120.95568084716797,187630000
2020-08-31,123.64261546547715,126.95706531989478,122.11137580386827,125.05754852294922,225702700
2020-09-01,128.66276613112478,130.63981609482647,126.50159235410271,130.0389404296875,151948100
2020-09-02,133.34368512573027,133.72164832942713,123.08051792791673,127.34471893310547,200119000
2020-09-03,122.99327511596653,124.86370387094604,116.78109860380435,117.14936828613281,257599600
2020-09-04,116.36438135713807,119.88234909092412,107.46769559812107,117.22691345214844,332607200
2020-09-08,110.4332424909772,115.3176975867679,109.20244081478072,109.33811950683594,231366600
2020-09-09,113.64111861515656,115.46309530780263,111.7028427061534,113.69926452636719,176940500
2020-09-10,116.64542916296256,116.78110786689479,109.02800526992252,109.9874496459961,182274400
2020-09-11,111.03411800577045,111.6737525060593,106.6051585333688,108.5434341430664,180860300
2020-09-14,111.17950360312706,112.35215960156188,109.3187605672934,111.79975128173828,140150100
2020-09-15,114.678093101315,115.16266206661024,110.10376088589828,111.97419738769531,184642000
2020-09-16,111.6737592561301,112.41999215763813,108.5822071057358,108.66942596435547,154679000
2020-09-17,106.33380874471821,108.73726653223142,105.35497742143326,106.9346694946289,178011000
2020-09-18,106.99279865599632,107.45798059007706,102.81581033252574,103.54266357421875,287104900
2020-09-21,101.31366904715068,106.78929923364105,99.91810821399545,106.68269348144531,195713800
2020-09-22,109.20245897106359,109.37690408898602,105.791096813168,108.35930633544922,183055400
2020-09-23,108.17516907584385,108.65004455027305,103.47484460570544,103.81404876708984,150718700
2020-09-24,101.92423053085801,106.84745280660479,101.75947886343313,104.8801040649414,167743300
2020-09-25,105.08360984198643,108.96985441233768,104.34706305845842,108.81478881835938,149981400
2020-09-28,111.46053870423745,111.76096905147743,109.29935819072301,111.41207885742188,137672400
2020-09-29,111.0147338283158,111.75127320535319,110.06497556622581,110.56892395019531,99382200
2020-09-30,110.27819984549522,113.64110945971419,110.11344818104769,112.23585510253906,142675200
2020-10-01,114.00938127075119,114.0869140768239,112.25524404848423,113.18561553955078,116120400
2020-10-02,109.40597427158033,111.80943945830253,108.75665366895876,109.5319595336914,144712000
2020-10-05,110.3944854044891,113.04992078729782,110.04559522059489,112.90454864501953,106243800
2020-10-06,112.12925207481908,112.53629561221867,108.78572927732188,109.66764831542969,161498200
2020-10-07,111.08257884073628,111.98387730301256,110.6076959885073,111.52838134765625,96849000
2020-10-08,112.6622941815399,112.80766636249689,111.05352152843882,111.42179870605469,83477200
2020-10-09,111.72221622412157,113.38913459955495,111.37332598768504,113.36006164550781,100506900
2020-10-12,116.35469065538149,121.31667922649164,115.59876429754219,120.56075286865234,240226800
2020-10-13,121.4038819645373,121.52018115565947,115.95733257416443,117.36257934570312,262330500
2020-10-14,117.26566767493782,119.23301612314903,115.92826024261022,117.4498062133789,150712000
2020-10-15,115.05602954812115,117.45948691649245,114.50362135189651,116.98461151123047,112559200
2020-10-16,117.53703239008934,117.79870373934006,115.14326081684207,115.3467788696289,115393800
2020-10-19,116.25776062422946,116.703563090536,112.09047284235501,112.40059661865234,120639300
2020-10-20,112.6138091614312,115.30801845057066,112.06140091237076,113.88338470458984,124423700
2020-10-21,113.06931343655647,115.04635557719843,112.8561019222811,113.26314544677734,89946000
2020-10-22,113.82523521136082,114.39703037608496,111.05350042518317,112.17770385742188,101988000
2020-10-23,112.79795098039979,112.95301658165369,110.75306957595657,111.48961639404297,82572600
2020-10-26,110.49142421725676,112.95303559705839,109.3962935573589,111.49932861328125,111850700
2020-10-27,111.92572886201872,113.66048651064561,111.0050508568626,113.00147247314453,92276800
2020-10-28,111.49932991734437,111.86759969572476,107.67123037893059,107.76814270019531,143937800
2020-10-29,108.90203237848063,113.32129899442697,108.73727331019896,111.760986328125,146129200
2020-10-30,107.63243577844652,108.53373417860142,104.39551925367714,105.50033569335938,190272600
2020-11-02,105.74262715568275,107.26417322328109,104.00786958662283,105.41311645507812,122866900
2020-11-03,106.27565178371685,108.0491682897085,105.37435335866708,107.03157806396484,107624400
2020-11-04,110.61739025769825,112.02263714006965,108.88263267145909,111.40238952636719,138235500
2020-11-05,114.3097976289083,115.92826333290571,113.26313445106743,115.3564682006836,126387100
2020-11-06,114.8662234022807,115.72053342058035,112.74014741905776,115.22542572021484,114457900
2020-11-09,116.98256825674697,118.42907262853805,112.66246807633155,112.9245834350586,154515300
2020-11-10,112.17707763232374,114.15752314668202,110.79852205922379,112.5848159790039,138023400
2020-11-11,113.76921682470609,116.13798799149323,113.04110938515558,116.0020751953125,112295000
2020-11-12,116.1282678012146,117.011700843839,115.10891457611105,115.73023223876953,103162300
2020-11-13,115.95350121258507,116.17678327325962,114.42933043398126,115.77875518798828,81581900
2020-11-16,115.44869936969526,117.45827535475047,114.70117908437909,116.78842163085938,91183000
2020-11-17,116.06033192576038,117.14763432423658,115.48755020654131,115.90499877929688,74271000
2020-11-18,115.1477501072869,116.32242906767756,114.55555554119123,114.58467864990234,76322100
2020-11-19,114.15751145503081,115.58460292894434,113.40028105826617,115.17686462402344,74113000
2020-11-20,115.17687350645622,115.3030761134196,113.86628176431465,113.9148178100586,73604300
2020-11-23,113.7595093974955,114.1866681424837,110.42963099730896,110.5267105102539,127959300
2020-11-24,110.5849439032423,112.46830981108012,109.3034679028236,111.80815887451172,113874200
2020-11-25,112.17707422528561,113.34204301090116,111.80816176471099,112.64305877685547,76499200
2020-11-27,113.16729360668182,114.06043680969468,112.82751167148025,113.18670654296875,46691300
2020-11-30,113.5556193082818,117.4388583652438,113.40028619079179,115.57490539550781,169410200
2020-12-01,117.47767280581996,119.86586355407688,116.50686319725912,119.13775634765625,127728200
2020-12-02,118.45821829004096,119.76881755329892,117.36120579212971,119.4872817993164,89004200
2020-12-03,119.91442054863892,120.16683316485343,118.64266210929217,119.35135650634766,78967600
2020-12-04,119.02127760834182,119.27369022514605,117.97280126779268,118.6814956665039,78260400
2020-12-07,118.73975719573221,120.93378965648249,118.68151097153174,120.13772583007812,86712000
2020-12-08,120.7396105898644,121.3318051265446,119.49696789528441,120.74931335449219,82225500
2020-12-09,120.89495455654684,122.27350282433629,117.46799682595132,118.22522735595703,115089200
2020-12-10,116.98257670113864,120.25420827611856,116.64279476467264,119.64259338378906,81312200
2020-12-11,118.8562278147655,119.1765967824479,117.03110830740295,118.8368148803711,86939800
2020-12-14,119.02129117041069,119.74939858875337,117.99223505596105,118.22522735595703,79184500
2020-12-15,120.71050298397499,124.16659136683006,120.5066337877432,124.14717102050781,157243700
2020-12-16,123.69088274191743,124.62285187377786,122.86568846942772,124.0792007446289,98208600
2020-12-17,125.13738869029768,125.79754711737371,124.30249159373241,124.94322967529297,94359800
2020-12-18,125.19565728365953,125.33157008370488,122.43855318268531,122.9627914428711,192541500
2020-12-21,121.37064729644923,124.56461267355205,119.84647608918172,124.48694610595703,121251600
2020-12-22,127.76827272564631,130.48654300822767,125.86547908382497,128.0303955078125,168904800
2020-12-23,128.30221385873838,128.5643218128226,126.96249172878603,127.13724517822266,88223700
2020-12-24,127.48676208852152,129.56429466422506,127.27318272727676,128.11778259277344,54930100
2020-12-28,130.07881339134244,133.33101740723168,129.61281401111586,132.6999969482422,124486200
2020-12-29,134.0202413027741,134.7386307818055,130.41853189288025,130.9330596923828,121047300
2020-12-30,131.6224031061202,132.02043870547348,129.50602990016534,129.8166961669922,96452100
2020-12-31,130.1661668388547,130.80690479845464,127.8750553457784,128.81674194335938,99116600
2021-01-04,129.62251281946894,129.70988213559124,123.05983729876496,125.63248443603516,143301900
2021-01-05,125.12768641382664,127.89450053196555,124.68110734552344,127.18579864501953,97664900
2021-01-06,123.99184315415357,127.22464193893974,122.69095402050523,122.90453338623047,155088000
2021-01-07,124.61317087407357,127.78772368823323,124.12776587920938,127.09844207763672,109578200
2021-01-08,128.56431691137144,128.75849069520498,126.42853860962131,128.19541931152344,105158200
2021-01-11,125.41891104549275,126.37030043054156,124.74904996348562,125.21503448486328,100384500
2021-01-12,124.74906018656239,125.90432622691371,123.15693269578279,125.0403060913086,91951100
2021-01-13,125.00147562190729,127.61295658608566,124.73936761825328,127.06930541992188,88636800
2021-01-14,126.98190917137308,127.17606814479598,125.00144912767117,125.14707946777344,90221800
2021-01-15,125.02088418474625,126.41885265934873,123.29284393513538,123.42875671386719,111598500
2021-01-19,124.05008172781939,124.9529425933155,123.23460500719132,124.09862518310547,90757300
2021-01-20,124.90438601399495,128.6225891348087,124.79759634893936,128.17601013183594,104319500
2021-01-21,129.89434712123654,135.59299559628155,129.6904705564632,132.87472534179688,120150900
2021-01-22,132.30196087543968,135.76775903778582,131.07874583699044,135.01052856445312,114459400
2021-01-25,138.89378406433565,140.85480946109453,132.55438158085332,138.74815368652344,157611700
2021-01-26,139.40829883611298,140.08786276088446,137.2433822290361,138.98114013671875,98390600
2021-01-27,139.24324321793168,140.0878578213645,136.3114082725256,137.91323852539062,140843800
2021-01-28,135.44739349341899,137.8452949915903,132.7097026247184,133.08831787109375,142621100
2021-01-29,131.86509178375854,132.7485322226158,126.40914566020653,128.10806274414062,177523800
2021-02-01,129.84581103922318,131.42823575703017,127.1081202867018,130.22442626953125,106239800
2021-02-02,131.76798067598213,132.33105201225376,130.6806786822872,131.04959106445312,83305400
2021-02-03,131.79713965825755,131.80685723730443,129.70990440998943,130.0302734375,89880900
2021-02-04,132.3213529395916,133.3892346236449,130.66126198692473,133.37953186035156,84183100
2021-02-05,133.5399993993488,133.6080499269068,132.09132576396362,132.9663543701172,75693800
2021-02-08,132.2565886683768,133.16079860710033,131.1773789685877,133.1121826171875,71297200
2021-02-09,132.83023162868662,134.05528941674183,132.0816016865625,132.23715209960938,76774200
2021-02-10,132.6941448267895,133.19000731082727,130.67184065877828,131.63438415527344,73046600
2021-02-11,132.1301604637131,132.6065733213118,130.05925624408061,131.38153076171875,64280000
2021-02-12,130.62320365664934,131.77046392162595,129.98150816834826,131.61489868164062,60145100
2021-02-16,131.73160971782258,132.23717460843758,129.1064939168793,129.4954071044922,80576300
2021-02-17,127.6092016891494,128.55229564276027,125.87857903593999,127.2105712890625,97918500
2021-02-18,125.61604564080127,126.393856958418,123.87570598415513,126.11190795898438,96856700
2021-02-19,126.62723310292547,127.08419679781535,125.2271753854348,126.26748657226562,87668800
2021-02-22,124.45908327535672,126.1216555520179,122.11593891319585,122.50484466552734,103916400
2021-02-23,120.32696020598745,123.1951256816812,115.10591870921408,122.36870574951172,158273000
2021-02-24,121.47423317945595,122.07702996162088,118.83940802921852,121.87285614013672,111039900
2021-02-25,121.2214246130711,122.95204690459941,117.19626722871075,117.63378143310547,148199500
2021-02-26,119.18939428483608,121.38670478117784,117.83795297430818,117.89629364013672,164560400
2021-03-01,120.31725204661986,124.38130174579385,119.38388273905605,124.24518585205078,116307900
2021-03-02,124.84797657824923,125.14937496490815,121.54228933610958,121.64923858642578,102260900
2021-03-03,121.34781889971498,122.2228547486705,118.46020430704087,118.67410278320312,112966300
2021-03-04,118.37271790565526,120.1713983779594,115.3295451588436,116.79765319824219,178155000
2021-03-05,117.62408266255089,118.55745188502343,114.30867068121566,118.05187225341797,153766600
2021-03-08,117.57543907868757,117.64349700338418,112.98636924840858,113.13220977783203,154376600
2021-03-09,115.72816384952438,118.6741119196786,115.49482341109125,117.73101806640625,129525800
2021-03-10,118.31435866181862,118.78103945337783,116.13649024201752,116.65179443359375,111943300
2021-03-11,119.14082490228071,119.79223777917623,117.89633241574592,118.57691192626953,103026500
2021-03-12,117.06016987865702,117.80880722667213,115.8545688924242,117.67269134521484,88105100
2021-03-15,118.04214884674406,120.56029993815383,117.07960562741921,120.55057525634766,92403800
2021-03-16,122.21315268038276,123.6909929248944,121.26034146014726,122.08676147460938,115227900
2021-03-17,120.60890560077927,122.3686945512962,118.94633378896354,121.29920959472656,111932600
2021-03-18,119.47137236768086,119.7630534964986,116.98238776140393,117.18656158447266,121229700
2021-03-19,116.5740372845451,118.0615946863235,116.36013878430732,116.66153717041016,185549500
2021-03-22,116.99212420499393,120.43392774935558,116.92406625712914,119.96723937988281,111912300
2021-03-23,119.9089025049303,120.7936558005327,118.75191000830584,119.14081573486328,95467100
2021-03-24,119.41304074611715,119.49082337056949,116.73932422708299,116.7587661743164,88530500
2021-03-25,116.22401924724316,118.28521414548541,115.6989976953015,117.24488830566406,98844700
2021-03-26,117.01153462244342,118.11019359332141,115.62120198978319,117.8476791381836,94071200
2021-03-29,118.27548724702227,119.1796897776827,117.3810093980004,118.02269744873047,80819200
2021-03-30,116.7782247452838,117.06018121783144,115.56289895900598,116.57405090332031,85671900
2021-03-31,118.27550452234945,120.09362711310527,117.78937421803873,118.76163482666016,118323800
2021-04-01,120.22972337194014,120.73529551085936,119.0921730782952,119.58802795410156,75089100
2021-04-05,120.43390523654203,122.66038256872103,119.65609390540438,122.4075927734375,88651200
2021-04-06,122.99094842847227,123.6034698490668,122.16452851942161,122.70899200439453,80171300
2021-04-07,122.33952549547996,124.37154613081405,121.66866345905004,124.35210418701172,83466700
2021-04-08,125.3729903400282,126.77304785417073,124.95492543996741,126.74388122558594,88844600
2021-04-09,126.19942288071834,129.34953758105655,125.87857511762488,129.31065368652344,106686700
2021-04-12,128.84397969384253,129.1648274741665,127.00640774145585,127.5994873046875,91420000
2021-04-13,128.7661695536294,130.9245888251844,128.2703072556539,130.70095825195312,91266500
2021-04-14,131.19681975522676,131.255153005102,128.00780685424039,128.36753845214844,87222800
2021-04-15,130.10792810253133,131.2551885555225,129.93291346998677,130.76905822753906,89347100
2021-04-16,130.57459244358938,130.9343240931431,129.58288254678484,130.4384765625,84922400
2021-04-19,129.80650105955348,131.71213827061115,129.6412185458448,131.099609375,94264200
2021-04-20,131.27460827428777,131.77045575605666,128.15364574587304,129.41758728027344,94812300
2021-04-21,128.68840701349623,130.03984858480732,127.65781320400242,129.79678344726562,68847100
2021-04-22,129.34952213608938,130.42873181562496,127.7647477103965,128.28004455566406,84566500
2021-04-23,128.49395363729542,131.37183646308597,128.49395363729542,130.5940399169922,78657500
2021-04-26,131.0899204687679,131.31353629033433,129.8551451456873,130.98297119140625,66905100
2021-04-27,131.26489090705445,131.65380402656527,130.38986235031265,130.66209411621094,66015800
2021-04-28,130.58431883810096,131.2746303918658,129.38844245381026,129.87457275390625,107760100
2021-04-29,132.68437715116124,133.26773932174638,128.77588621347985,129.77731323242188,151101000
2021-04-30,128.12448539137938,129.8551078660134,127.43418875564703,127.81336975097656,109839500
2021-05-03,128.3772578570978,130.35096013574108,128.17309147912826,128.86338806152344,75135100
2021-05-04,127.55085108162373,127.84253218435018,123.18539631101322,124.30349731445312,137564700
2021-05-05,125.61606280982821,126.83138852361431,124.42018646140798,124.54658508300781,84000900
2021-05-06,124.3423648198669,126.15076950796816,123.6034449407673,126.14105224609375,78128300
2021-05-07,127.436367545342,127.83566009725462,126.10209824713681,126.81306457519531,78973300
2021-05-10,126.03396084545095,126.16055930554575,123.50178359349738,123.54074096679688,88071200
2021-05-11,120.27812799107281,122.97586087179818,119.5671689854115,122.62525939941406,126142800
2021-05-12,120.18073848547931,121.38838724678817,119.06073823482639,119.56716918945312,112172300
2021-05-13,121.32996037075966,122.85900193405529,121.01830882379365,121.70978546142578,105861300
2021-05-14,122.95638491442686,124.55359993393608,122.56681864446786,124.12507629394531,81918000
2021-05-17,123.5115304740433,123.61866139795352,121.90457404574953,122.97587585449219,74244600
2021-05-18,123.2582993819835,123.67708183593513,121.52473722434705,121.59291076660156,63342900
2021-05-19,119.94699632595916,121.66107596519278,119.65481977612977,121.43708038330078,92612000
2021-05-20,121.96300762442338,124.38804651528841,121.83639430422342,123.98873901367188,76857100
2021-05-21,124.48543261389995,124.66073707262268,121.94352167759979,122.15778350830078,79295400
2021-05-24,122.72263459381065,124.60228476604034,122.65446106136119,123.78419494628906,63092900
2021-05-25,124.48540594699715,124.97236927723016,123.02453824737019,123.58940887451172,72009500
2021-05-26,123.64787188578073,124.06665436080144,123.12195849177618,123.54074096679688,56575900
2021-05-27,123.14142966400581,124.31012103497811,121.816908814046,122.01168823242188,94625600
2021-05-28,122.29411590101695,122.51811890538758,121.30072904118603,121.35916137695312,71311100
2021-06-01,121.81692100329542,122.07987398745031,120.7066618606694,121.03778839111328,67637100
2021-06-02,121.03778177713107,121.97273640244447,120.81378617886122,121.79743194580078,59278900
2021-06-03,121.4273366140028,121.59289985456873,119.91777018909227,120.31707763671875,76229200
2021-06-04,120.83324696740925,122.86872666566839,120.61898516439692,122.60576629638672,75169300
2021-06-07,122.878461975424,123.02455024570587,121.57342360305104,122.61550903320312,71057600
2021-06-08,123.2972466766342,125.10873085926178,122.91742162506401,123.43359375,74403800
2021-06-09,123.89133026159469,124.41724357225148,123.2193286818069,123.81341552734375,56877900
2021-06-10,123.70629386140669,124.84577650141729,122.65447459192099,122.82003784179688,71186400
2021-06-11,123.22907955985254,124.1153430132604,122.81029711830921,124.0276870727539,53522400
2021-06-14,124.48542499652146,127.13445925571631,123.75499103493249,127.0760269165039,96906500
2021-06-15,126.5501187512876,127.19290419262148,126.01446421684268,126.25794219970703,62746300
2021-06-16,126.96888521245891,127.47532354376922,125.10872484257997,126.75462341308594,91815000
2021-06-17,126.41379212945316,129.0920503743114,126.26769639966578,128.35186767578125,96721700
2021-06-18,127.3000499717587,128.07916771937423,126.84231012163941,127.05657196044922,108953300
2021-06-21,126.90077766419205,128.9557332440409,125.83921680701772,128.84860229492188,79663300
2021-06-22,128.6829675675103,130.58209255634193,128.18626305147518,130.4846954345703,74783600
2021-06-23,130.28020184164183,130.81585637036997,129.75428108226635,130.21202087402344,60214200
2021-06-24,130.94245782977737,131.12750347675475,129.46210751467535,129.92959594726562,68711000
2021-06-25,129.97829578212327,130.39707078875628,129.3452440962624,129.63742065429688,70783700
2021-06-28,129.9295852246422,131.72157948620062,129.87115289056985,131.2638397216797,62111300
2021-06-29,131.28333809814853,132.92925172484664,130.84508067855094,132.77342224121094,64556100
2021-06-30,132.61759460995344,133.82525083392224,132.3254180392348,133.38699340820312,63261400
2021-07-01,133.03638455477136,133.74733615062,132.218287184251,133.68890380859375,52485800
2021-07-02,134.30245986108,136.34768102067733,134.1563790042736,136.30873107910156,78852600
2021-07-06,136.4158466947496,139.41548226335163,136.4158466947496,138.31497192382812,108181800
2021-07-07,139.79533405407227,141.11012131228122,138.93830152510142,140.79847717285156,104911600
2021-07-08,137.88644602005195,140.3017433261173,137.00018264096806,139.50314331054688,105575500
2021-07-09,139.02592340594762,141.8502619651795,138.92852627188464,141.32435607910156,99890800
2021-07-12,142.39568172270836,142.50281263838897,140.24332963884083,140.73028564453125,76299700
2021-07-13,140.2725467114718,143.61307265954179,139.882987848704,141.84054565429688,100827100
2021-07-14,144.23634613048517,145.6679976912108,143.827290089665,145.25894165039062,127050800
2021-07-15,145.34658191074038,146.08674942463531,143.25266291922637,144.6063995361328,106820300
2021-07-16,144.58698895603396,145.85306272785598,142.07429409288326,142.57098388671875,93251400
2021-07-19,139.9998686480134,140.31152766267098,137.9741296348984,138.73377990722656,121434600
2021-07-20,139.71742366986297,143.26246279631377,139.23046766424767,142.3372344970703,96350000
2021-07-21,141.7334095777614,142.31776271135624,140.85689473808662,141.60679626464844,74993500
2021-07-22,142.13271101540525,144.33374665171397,142.00609770767423,142.97027587890625,77338200
2021-07-23,143.700726126391,144.8402014430063,143.0871567787064,144.6843719482422,71447400
2021-07-26,144.40194679352788,145.92124724515625,143.84680978043045,145.10316467285156,72434100
2021-07-27,145.22977037782812,145.3174337626536,141.7529118418177,142.9410858154297,104818600
2021-07-28,141.03216017207177,143.13581314895694,138.82137630671426,141.19772338867188,118931200
2021-07-29,140.91533220968486,142.72680915691933,140.80820129331602,141.84054565429688,56699500
2021-07-30,140.61339371614585,142.51251879825827,140.35043336301797,142.05477905273438,70440600
2021-08-02,142.54176110337934,143.11636561756876,141.46071818751764,141.7236785888672,62880000
2021-08-03,142.00610422671278,144.17792379335657,141.3925349204239,143.5156707763672,64786600
2021-08-04,143.42803778640976,143.93446137395492,142.46385946656952,143.1163787841797,56368300
2021-08-05,143.1455654900914,143.9831303102646,142.35669923658142,143.22348022460938,46397700
2021-08-06,142.74556017853746,143.48683682415765,142.04329182669468,142.5407257080078,54126800
2021-08-09,142.59925003312128,143.08693557693016,141.93600483737242,142.49195861816406,48908700
2021-08-10,142.83333089104445,144.072056221946,141.72140855204836,142.01402282714844,69023100
2021-08-11,142.45296206335397,143.10645895995768,141.94576488875748,142.26763916015625,48493500
2021-08-12,142.58950812317931,145.37907015513477,142.24812227389452,145.22300720214844,72282600
2021-08-13,145.3010686682557,145.75949438540644,144.61831171174993,145.42787170410156,59375000
2021-08-16,144.88161214330344,147.46635440777192,142.8626017681946,147.3980712890625,103296000
2021-08-17,146.52999034959836,147.9442754116722,145.41806793520456,146.49098205566406,92229700
2021-08-18,146.11058891263426,147.0079285089272,142.55047558587256,142.75531005859375,86326000
2021-08-19,141.45810671739775,144.35496083837427,140.94116108881812,143.08697509765625,86960300
2021-08-20,143.8086939620168,144.8425847784855,143.16494556886403,144.54022216796875,60549600
2021-08-23,144.65728343893502,146.49098584387335,144.24762936861552,146.02281188964844,60131800
2021-08-24,145.76923200651873,147.14450905669656,145.47661765156835,145.93504333496094,48606400
2021-08-25,146.1203860071499,146.6178349427017,144.15989486505342,144.7061004638672,58991300
2021-08-26,144.6963131171606,145.44733817166107,143.87699005673284,143.90625,48597200
2021-08-27,143.84772924961433,145.08645474475415,143.21374397198983,144.94015502929688,55802400
2021-08-30,145.33029180641267,149.70971334019745,144.9498976782118,149.34881591796875,90956700
2021-08-31,148.90015120519527,149.03670255975587,147.56388271808643,148.09059143066406,86453100
2021-09-01,149.06592524688412,151.16296657132827,148.5879881838767,148.75379943847656,80313700
2021-09-02,150.08036655286702,150.9094380524186,148.64656965264444,149.86578369140625,71115500
2021-09-03,149.9730775691431,150.8216606743961,149.3195806196622,150.49978637695312,57808700
2021-09-07,151.15324750307346,153.386840580654,150.5875305279746,152.8308868408203,82278300
2021-09-08,153.11374935418493,153.17226923823645,150.18763608775444,151.28981018066406,74420200
2021-09-09,151.6604770125975,152.2652024090621,150.15839699282031,150.27545166015625,57305700
2021-09-10,151.18249570977798,151.650669593774,145.03765581078468,145.30101013183594,140893200
2021-09-13,146.92017826380882,147.69071501388157,145.08647552487224,145.8667755126953,102404300
2021-09-14,146.64708895618836,147.34935752136766,143.29180911877296,144.4720001220703,109296300
2021-09-15,144.90110206305175,145.75943323857632,142.76503735858526,145.35952758789062,83281300
2021-09-16,144.78408681235823,145.301032298818,143.59413289330473,145.12545776367188,68034100
2021-09-17,145.15474141357228,145.15474141357228,142.17009319848557,142.46270751953125,129868800
2021-09-20,140.25836010441694,141.272739448902,137.79067253613061,139.41954040527344,123478900
2021-09-21,140.385115832889,141.03862738328533,139.26344533625567,139.89743041992188,75834000
2021-09-22,140.8923300236282,142.82356032742504,140.1608018149043,142.2578582763672,76404300
2021-09-23,143.03817057425258,143.457587900221,142.0530510886709,143.2137451171875,64838200
2021-09-24,142.0725363720286,143.8379554130243,141.97499332368358,143.30149841308594,53477900
2021-09-27,141.88726170941032,142.36519899589,140.27790504587242,141.7897186279297,74150700
2021-09-28,139.72192610299075,141.18498292082313,138.20034939372246,138.41493225097656,108972300
2021-09-29,138.96116732939618,140.89239857280592,138.53200152353028,139.3123016357422,74602000
2021-09-30,140.12185084081975,140.8241193990878,137.8004622797123,138.01504516601562,89056700
2021-10-01,138.40517505038864,139.40005789714257,135.68389579904266,139.13670349121094,94639600
2021-10-04,138.26860229461653,138.7075311976416,134.86456666800945,135.713134765625,98322000
2021-10-05,136.0545166576062,138.73678711480215,135.9277136552574,137.63461303710938,80861100
2021-10-06,136.03502801816884,138.6490157972431,134.9621137010957,138.50271606445312,83221100
2021-10-07,139.5366245646865,140.66805891569803,139.20500187376496,139.76095581054688,61732700
2021-10-08,140.48271316225515,140.62901288949595,139.04891630336158,139.3805389404297,58773200
2021-10-11,138.7660308387561,141.24346653207863,138.3173536480232,139.292724609375,64452200
2021-10-12,139.70242001460875,139.72193160685052,137.56635459515326,138.0247802734375,73035900
2021-10-13,137.76143421982243,137.9174823014052,135.77166862906188,137.43955993652344,78762700
2021-10-14,138.6099736345154,140.33638447460456,138.02474508035556,140.21932983398438,69907100
2021-10-15,140.2291266309253,141.33128600610704,139.97552058470157,141.27276611328125,67940300
2021-10-18,139.9170017643,143.2235096811566,139.63415065247935,142.94065856933594,85589200
2021-10-19,143.38932223477877,145.4961277086073,142.94065979384268,145.09622192382812,76378900
2021-10-20,145.03764175367826,146.06178411808008,144.47192487731363,145.58384704589844,58418800
2021-10-21,145.1449650896746,145.9545248556128,144.22811391179323,145.7984619140625,61421000
2021-10-22,146.00329463249273,146.48121692115393,144.97915205496275,145.02792358398438,58883400
2021-10-25,145.0181800516583,145.69118854784608,143.98428898104416,144.9791717529297,50720600
2021-10-26,145.65218915043056,147.1249943659197,145.34006320959406,145.64244079589844,60893400
2021-10-27,145.68145499107032,146.0423376021523,144.83288673993832,145.18402099609375,56094900
2021-10-28,146.13013733509126,149.39762230558532,146.03259425054543,148.81240844726562,100077900
2021-10-29,143.59413644564216,146.2471470636249,142.804088225394,146.110595703125,124953200
2021-11-01,145.3205197027828,146.0130247261565,144.1598259189258,145.291259765625,74588300
2021-11-02,144.9987049719068,147.8370391039872,144.988941733531,146.32521057128906,69122000
2021-11-03,146.68605801297326,148.22714612515688,146.1301042293714,147.75897216796875,54511500
2021-11-04,147.84677558220335,148.6758322133497,146.92992422765454,147.24205017089844,60394600
2021-11-05,148.36531545380285,148.6681193629179,146.57777973692555,147.76947021484375,65463900
2021-11-08,147.8964818732159,148.0527725947036,146.67548855791236,146.94898986816406,55020900
2021-11-09,146.71454897260128,147.91600218212633,146.57779832196186,147.31039428710938,56787900
2021-11-10,146.5387319232798,146.64617992683026,144.4190894029692,144.48745727539062,65187100
2021-11-11,145.5033467129879,145.96242651484354,144.25303577054234,144.43862915039062,41000000
2021-11-12,144.9856178095641,146.90990439693277,144.05766590459464,146.50942993164062,63804000
2021-11-15,146.88058950641502,148.35555879375588,145.96240025846288,146.51918029785156,59222800
2021-11-16,146.46058703081326,147.97462166575806,145.87450429964008,147.49598693847656,59256200
2021-11-17,147.49599850722544,151.40317727562876,147.48623592599793,149.92822265625,88807000
2021-11-18,150.1431040324191,154.98799688592075,149.4984160214015,154.20655822753906,137827700
2021-11-19,153.9916581394781,157.28346597858675,152.89765298958213,156.82437133789062,117305600
2021-11-22,157.92813559947206,161.85485386154411,157.26392246010866,157.28346252441406,117467900
2021-11-23,157.38116514595987,158.04539332554327,155.36897034832776,157.66444396972656,96041900
2021-11-24,157.01974088138022,158.3774848564214,155.9354982175197,158.18212890625,69463600
2021-11-26,155.867151508964,156.72672078738918,152.73163368073872,153.1711883544922,76959800
2021-11-29,155.67173929364688,157.4495124904144,155.1051966783485,156.5215606689453,88748200
2021-11-30,156.2773947152438,161.67906839694083,156.2090119296681,161.46417236328125,174048100
2021-12-01,163.5935775451036,166.34814584365344,160.71203606659066,160.94647216796875,152052500
2021-12-02,155.05637149837315,160.38966136948252,154.13818224096923,159.95986938476562,136739200
2021-12-03,160.21384675586103,161.1320360204304,156.01362719703414,158.0844268798828,118023100
2021-12-06,160.47760654451426,163.98431110380426,160.46784396248754,161.4837188720703,107497000
2021-12-07,165.15644279486372,167.598429443289,164.4336093812365,167.20770263671875,120405400
2021-12-08,168.13568563195315,171.8768113251432,166.73886138447926,171.01722717285156,116998900
2021-12-09,170.85117673379307,172.64847553279014,169.8841445461616,170.50929260253906,108923700
2021-12-10,171.14418244016858,175.46161263264923,170.63624509261138,175.28578186035156,115402700
2021-12-13,176.91704079075095,177.9036129181879,171.45676231906222,171.66189575195312,153237000
2021-12-14,171.18324085105056,173.61546458889217,168.21379204713816,170.2845916748047,139380400
2021-12-15,171.04649539113694,175.33462289814014,168.31146765189683,175.13926696777344,131063300
2021-12-16,175.11976837917365,176.93660728082307,166.78771003091353,168.26266479492188,150185800
2021-12-17,165.98671202152144,169.44457351876034,165.75229083845704,167.16864013671875,195432700
2021-12-20,164.375008447403,166.62163920449956,163.5740445559153,165.81089782714844,107499100
2021-12-21,167.57888393978646,169.1808265329912,165.1955026634982,168.9757080078125,91185900
2021-12-22,169.02452194022183,171.7790897184107,168.15517538914062,171.56419372558594,92135300
2021-12-23,171.76939268718658,172.74618760743286,171.20284984487884,172.1894073486328,68356600
2021-12-27,172.98058061033834,176.233308952318,172.9610554465104,176.14540100097656,74919600
2021-12-28,175.9793381325386,177.12218615208815,174.38715798933583,175.1295166015625,79144300
2021-12-29,175.16854926467977,176.43838502161353,174.00616149267194,175.21739196777344,62348900
2021-12-30,175.30536819408863,176.37984846199373,173.95738656793606,174.06483459472656,59773000
2021-12-31,173.9573701608435,175.07091555859822,173.14662874511,173.44944763183594,64062300
2022-01-03,173.70336783595081,178.63618304508262,173.58615726537937,177.78636169433594,104487900
2022-01-04,178.39199939810527,178.69480333397306,174.96344087400894,175.5299835205078,99310400
2022-01-05,175.44210103848545,175.9891036993743,170.58743006603996,170.86093139648438,94537600
2022-01-06,168.69243553501073,171.23210762394186,167.65703557565845,168.00868225097656,96904000
2022-01-07,168.8780217142409,170.09901499255682,167.06118311991872,168.1747283935547,86709100
2022-01-10,165.15645789652865,168.4970941484729,164.26757109809446,168.1942901611328,106765600
2022-01-11,168.3212790198075,171.1148977053451,166.85608689005863,171.01722717285156,76138300
2022-01-12,172.03309245435602,173.06849253983535,170.76327115991117,171.456787109375,74805200
2022-01-13,171.7009797317892,172.52148374355693,167.80356331883507,168.1942901611328,84505800
2022-01-14,167.36401309283474,169.7473947274692,167.11981439919933,169.0538787841797,80440800
2022-01-18,167.53002095796475,168.5361181103695,165.478761430844,165.85971069335938,90956700
2022-01-19,166.0550783276264,167.11001826086033,162.08929472408371,162.37255859375,94815000
2022-01-20,163.10515822088573,165.74250066133902,160.3701303584997,160.69247436523438,91420500
2022-01-21,160.60457194151562,162.470253269675,158.5337720868401,158.64122009277344,122848900
2022-01-24,156.30665983978236,158.5337501042213,151.11010595295735,157.86952209472656,162294600
2022-01-25,155.29082683573563,158.98310983768695,153.3763174519784,156.072265625,115798400
2022-01-26,159.70591419723806,160.575260779249,154.15772812433738,155.9843292236328,108275300
2022-01-27,158.68028043462846,160.03802433796415,154.60704872462142,155.52523803710938,121954600
2022-01-28,161.86463986114418,166.39696621279427,159.02216399560837,166.37742614746094,179935700
2022-01-31,166.2113655240236,170.9390476064095,165.57644011866424,170.72415161132812,115541600
2022-02-01,169.9720531603827,170.7827946109015,168.3115050264779,170.55813598632812,86213900
2022-02-02,170.69483434355706,171.7986168687593,169.30778797894317,171.75953674316406,84914300
2022-02-03,170.43110878285196,172.15027672857178,168.12587305039293,168.8877716064453,89418100
2022-02-04,167.90975737649003,170.27662529840396,166.93171820745542,168.6041717529297,82465400
2022-02-07,169.0638570704662,170.1299162190593,167.19579861278513,167.8902130126953,77251200
2022-02-08,167.95865801143464,171.49916986063508,167.66524328351184,170.99058532714844,74829200
2022-02-09,172.18382283840776,172.7706374679008,171.05906868207904,172.4087677001953,71285000
2022-02-10,170.31573108381698,171.62629991772872,167.78261335475796,168.340087890625,90865900
2022-02-11,168.545490327705,169.27901969811438,164.34969397169522,164.9365234375,98670700
2022-02-14,163.6943705402025,165.8558431366665,162.90216139662053,165.1712188720703,86185500
2022-02-15,167.21532291468824,169.1518358853044,166.51113366652052,168.99534606933594,62527400
2022-02-16,168.07604144255788,169.5333102903167,166.31556790878483,168.7606658935547,61177400
2022-02-17,167.27399659697775,168.1346756288642,164.77021933006054,165.1712188720703,69589300
2022-02-18,166.09060878011084,166.7947832093295,162.54032203615824,163.62594604492188,82772700
2022-02-22,161.35688974047144,163.02934320107533,158.58903724171788,160.71139526367188,91162800
2022-02-23,161.9045621151873,162.5011664749462,156.24172312968074,156.55470275878906,90009200
2022-02-24,149.22921086821898,159.27367681919955,148.66194638721413,159.1660919189453,141147500
2022-02-25,160.24193771015948,161.4938266826065,157.3371601146723,161.22976684570312,91974200
2022-02-28,159.479061922758,161.78723492110947,158.86289248069977,161.4938201904297,95056600
2022-03-01,161.08302534266187,162.94130845487337,158.4129829679633,159.615966796875,83474400
2022-03-02,160.7798480922219,163.6846254319098,159.37146939131958,162.90219116210938,79724800
2022-03-03,164.7702811660162,165.20062084345977,161.9144082164394,162.5794677734375,76678400
2022-03-04,160.87767357199544,161.91439273743828,158.54016047816125,159.58665466308594,83737200
2022-03-07,159.7725035009549,161.39605234966348,155.54736648605487,155.80166625976562,96418800
2022-03-08,155.3322124692921,159.3030497335725,152.3785295346828,153.98251342773438,131148300
2022-03-09,157.9337564869507,159.8213797915154,155.90922322313332,159.37147521972656,91454900
2022-03-10,156.68185579600046,156.86768560681452,152.55452973284972,155.03875732421875,105342000
2022-03-11,155.4397623739769,155.78208206231224,151.10705589580672,151.33200073242188,96970100
2022-03-14,148.1240148231261,150.73537736075448,146.80367102699051,147.31224060058594,108732100
2022-03-15,147.58609577139651,152.1535515492418,147.0775261791108,151.68408203125,92964300
2022-03-16,153.60103819497576,156.48625045296393,151.06792059745445,156.0852508544922,102300200
2022-03-17,155.12678288189394,157.4642957434988,154.16830873861088,157.09263610839844,75615400
2022-03-18,156.98503345512586,160.86784945274542,156.25150421008976,160.3788299560547,123511700
2022-03-21,159.9191797677464,162.69682236043158,159.4301601813594,161.7481231689453,95811400
2022-03-22,161.87525716684658,165.6993938917205,161.28844262082922,165.11257934570312,81532000
2022-03-23,164.3008129085659,168.8486892835288,163.9682682338466,166.47206115722656,98062700
2022-03-24,167.30339150441574,170.31575418142768,166.47206709718986,170.24729919433594,90131400
2022-03-25,170.061446329407,171.43069512284325,168.95625735233114,170.88299560546875,80546200
2022-03-28,168.38895589226144,171.87077199405616,168.22269106983745,171.74363708496094,90371900
2022-03-29,172.80970879935504,175.07875145997002,172.46738918878967,175.0298614501953,100589400
2022-03-30,174.6288971925018,175.66561632731086,172.81951875433577,173.86602783203125,92633200
2022-03-31,173.9344990439243,174.12032889178556,170.57004158960083,170.7754364013672,103049300
2022-04-01,170.20814487239906,171.0394840841696,168.16404671715162,170.48199462890625,78751300
2022-04-04,170.7362946873885,174.5702062097959,170.60914482743888,174.52130126953125,76468400
2022-04-05,173.60196376939686,174.38439814013864,170.58960114244232,171.21554565429688,73401800
2022-04-06,168.57483234577828,169.81694627331598,166.3938091700385,168.0564727783203,89058800
2022-04-07,167.40120586506256,169.5528892849942,166.11997680279987,168.35968017578125,77594700
2022-04-08,168.00757925318007,168.00757925318007,165.48423622614246,166.3546905517578,76575500
2022-04-11,165.00498773482366,165.31795249524248,161.8654755697351,162.1099853515625,72246700
2022-04-12,164.3301525745867,166.13951616252308,162.98045368647982,163.97805786132812,79265200
2022-04-13,163.71395993382896,167.28379658301122,163.10758048377514,166.65785217285156,70618900
2022-04-14,166.8730302686766,167.5087646523774,161.41557017548345,161.6600799560547,75329400
2022-04-18,160.32017704396847,162.94132974863555,159.977872292766,161.44493103027344,69023900
2022-04-19,161.39603175237912,164.1345444765827,160.31040765157212,163.7237548828125,67723800
2022-04-20,165.05389393478876,165.17126878968486,162.45232094308298,163.5574951171875,67929800
2022-04-21,165.2006123983915,167.76307044383682,162.26649466439048,162.76528930664062,87227800
2022-04-22,162.8043941791054,164.1834179598548,157.95331370568275,158.2369384765625,84882400
2022-04-25,157.5816809008669,159.58666436994497,154.98010780953732,159.30303955078125,96046400
2022-04-26,158.6868628689345,158.7748828167284,153.2783071958642,153.35655212402344,95623200
2022-04-27,152.48608239761126,156.28086402556207,151.96772285920957,153.131591796875,88063200
2022-04-28,155.7527641169675,160.90703559165522,155.43978436635686,160.04635620117188,130216800
2022-04-29,158.28583697775457,162.55008785176082,153.7966412998766,154.18785095214844,131747600
2022-05-02,153.2685246478865,154.7551334388098,149.9040675207667,154.49107360839844,123055300
2022-05-03,154.67688255687574,157.18067526746918,152.88708408047324,155.97767639160156,88966500
2022-05-04,156.16347041168282,162.82391297722876,155.7624708783281,162.3740234375,108256500
2022-05-05,160.25169689963175,160.47664169209344,151.54714080304078,153.32717895507812,130525300
2022-05-06,152.80807823964273,156.16768941381943,151.01563498071906,154.05201721191406,116124600
2022-05-09,151.75023984870148,152.63177739233632,148.38085428930862,148.93914794921875,131577900
2022-05-10,152.328132388233,153.52309446613708,149.79127784510368,151.33885192871094,115366700
2022-05-11,150.34960463592216,152.2595803376125,142.81742986905113,143.49327087402344,142689800
2022-05-12,139.83983661531016,143.1994331763469,135.95131447864176,139.63414001464844,182602000
2022-05-13,141.6224448185645,145.06041547307086,140.17282438448345,144.09072875976562,113990900
2022-05-16,142.56278284412517,144.49235241019304,141.2208901087805,142.552978515625,86643800
2022-05-17,145.80482673464496,146.69615365751025,143.66956086149628,146.17703247070312,78336300
2022-05-18,143.8360642275501,144.33559163369299,137.02869370903522,137.92982482910156,109742900
2022-05-19,137.00912503429328,138.7525913397019,133.7964445425997,134.5310516357422,136095600
2022-05-20,136.23529658390538,137.81225334878067,129.88829706526903,134.76608276367188,137426100
2022-05-23,134.96201586760006,140.31975175202894,134.82488980062982,140.17283630371094,117726300
2022-05-24,137.92002455292192,139.05622039365426,134.51145197634384,137.47926330566406,104132700
2022-05-25,135.5888849437953,138.87992561613757,135.50073567160547,137.63600158691406,92482700
2022-05-26,134.57021942674126,141.37757526410218,134.32535040420584,140.82907104492188,90601500
2022-05-27,142.4060433122878,146.6079896103765,142.27870662441157,146.56881713867188,90978500
2022-05-31,146.01050754614022,147.5678709384086,143.82626511004062,145.78521728515625,103718400
2022-06-01,146.82346195823692,148.62570934761555,144.649023812494,145.65789794921875,74286600
2022-06-02,144.79597858853165,148.16537934399943,143.84588541228797,148.1066131591797,72348100
2022-06-03,143.88504856420633,144.93309527765794,141.49513917786348,142.39625549316406,88570300
2022-06-06,144.01235806018857,145.52075950090375,141.92606935448035,143.140625,71598400
2022-06-07,141.3873815394989,145.94193944320352,141.1425125135875,145.65789794921875,67808200
2022-06-08,145.5305491597089,146.79406665216868,144.43354079753493,144.92327880859375,53950200
2022-06-09,144.06135517233236,144.91349464755012,139.60473566244548,139.7124786376953,69473000
2022-06-10,137.40091085996173,137.87105521943323,134.24699651333503,134.31556701660156,91437900
2022-06-13,130.14299644685158,132.4251777606438,128.7423526705115,129.17332458496094,122207100
2022-06-14,130.39766413988795,131.1420606306549,128.7815195311164,130.03524780273438,84784300
2022-06-15,131.5338191539686,134.52122379977993,129.44754553707168,132.65042114257812,91533000
2022-06-16,129.36920911544067,129.6728443246095,126.39159330904647,127.39066314697266,108123900
2022-06-17,127.4004988291183,130.34871732723784,127.14582540730095,128.8599090576172,134520300
2022-06-21,130.68170729877417,134.24699991857628,130.58376865027734,133.0814208984375,81000500
2022-06-22,132.0235786011109,134.93262385029735,131.16164978530637,132.5720977783203,73409200
2022-06-23,134.0119372202921,135.74559928638683,132.84635818263115,135.4321746826172,72433800
2022-06-24,137.02872148660157,138.99747831559026,136.90139973704072,138.7526092529297,89116800
2022-06-27,139.77125797752416,140.5450525850796,138.0767682486871,138.7526092529297,70207900
2022-06-28,139.21291554088708,140.47643288572067,134.50163881625397,134.61917114257812,67083400
2022-06-29,134.63877479951915,137.78288432606877,133.86498040570075,136.3724365234375,66242400
2022-06-30,134.4330767564404,135.53008505921423,131.02450456880948,133.91395568847656,98964500
2022-07-01,133.24794276909347,136.1863715256026,132.87575195629162,136.07862854003906,71051600
2022-07-05,134.94246932324853,138.70365515439954,134.1196977793648,138.65467834472656,73353800
2022-07-06,138.44897021265854,141.16210859174285,138.1845074474581,139.9867401123047,74064300
2022-07-07,140.3491492881493,143.5422515193908,140.3393599057939,143.3463592529297,66253700
2022-07-08,142.27867446652914,144.52168281438622,142.02401609395528,144.0221405029297,64547800
2022-07-11,142.68029721118097,143.63039032716094,140.8290877786715,141.89671325683594,63141600
2022-07-12,142.76844044820817,145.40323372369386,142.07302074051665,142.86639404296875,77588800
2022-07-13,140.05532229787818,143.4443019452147,139.20316774910646,142.50401306152344,71185600
2022-07-14,141.12295108192205,145.89299601499977,140.30998393649415,145.4228515625,78140700
2022-07-15,146.70591085003534,147.76374670018814,145.15833701067942,147.08790588378906,76259900
2022-07-18,147.64621935829007,148.4591862413332,143.6891279021673,144.05154418945312,81420900
2022-07-19,144.88409097349603,148.1261542059037,143.89482557447934,147.90087890625,82982400
2022-07-20,148.0184099284549,150.5650535340759,147.2838029205586,149.8990020751953,64823400
2022-07-21,151.32906041419434,152.3771070356204,148.821603940378,152.16162109375,65086600
2022-07-22,152.20078156045275,153.0725146399616,150.26142318216912,150.92745971679688,66675400
2022-07-25,150.84914031891685,151.85799971719163,149.15465049641978,149.81089782714844,53623900
2022-07-26,149.1350139839463,149.9479808770686,147.70498735893062,148.4885711669922,55138700
2022-07-27,149.44849566558014,154.1010080911438,149.03711741300498,153.57208251953125,78620700
2022-07-28,153.7581586202447,154.40461645264705,151.24091273921562,154.12057495117188,81378700
2022-07-29,157.93072824104914,160.2716754702952,156.22643448443253,159.17465209960938,101786900
2022-08-01,157.70546755749734,160.2325181068246,157.58793518866128,158.19520568847656,67829400
2022-08-02,156.81416215078264,159.076750020311,156.35380709254014,156.7259979248047,59907000
2022-08-03,157.53894532472003,163.17093336402678,157.45079605540153,162.7203826904297,82507500
2022-08-04,162.60281360750764,163.7586031177134,161.0552396557241,162.40692138671875,55474100
2022-08-05,160.08237587686597,162.67178435198056,159.876393569881,162.18136596679688,56697000
2022-08-08,163.18179581085533,164.59420304327227,161.05338198319762,161.71054077148438,60276900
2022-08-09,160.87682032374863,162.64232916411427,160.12157196524083,161.7595672607422,63135500
2022-08-10,164.46669306704544,166.09488560468589,163.70164162721542,165.99681091308594,70170500
2022-08-11,166.80107516257124,167.713261012407,164.9669154508603,165.26116943359375,57149200
2022-08-12,166.56569547580565,168.87065273956517,166.1537308916434,168.802001953125,68039400
2022-08-15,168.2331437531316,170.06730390664768,168.06640328157403,169.8711395263672,54091700
2022-08-16,169.46896318920653,170.38114909928223,168.3704308785935,169.71417236328125,56377100
2022-08-17,169.45915949271176,172.7743773350279,169.26299514755854,171.20504760742188,79542000
2022-08-18,170.42035446304044,171.5483105348056,169.8024226331564,170.81268310546875,62290100
2022-08-19,169.71416649279175,170.41056710828244,168.02712623620275,168.2331085205078,70346300
2022-08-22,166.43816395511286,166.6049043800519,163.9370276482697,164.35879516601562,69026800
2022-08-23,163.8782405504445,165.4770095793918,163.45647287646895,164.02536010742188,54147100
2022-08-24,164.11359750144874,164.88845187937156,163.06409508904346,164.31956481933594,53841500
2022-08-25,165.54563671843377,166.8795753877456,165.12388407113372,166.7716827392578,51218200
2022-08-26,167.3013400580589,167.77213753118554,160.42566451575846,160.48451232910156,78961000
2022-08-29,158.0618418321346,159.77830620497173,156.7573420791942,158.28744506835938,73314000
2022-08-30,159.02305667853338,159.44480926961938,154.6975633016655,155.86476135253906,77906200
2022-08-31,157.23791969354875,157.50274977749038,154.12866933419335,154.20713806152344,87991100
2022-09-01,153.63825654168207,155.38414463005734,151.70600708998924,154.93296813964844,74229900
2022-09-02,156.6886878420521,157.28699892323417,152.00028886480865,152.82418823242188,76957800
2022-09-06,153.47150522336744,154.07961913097643,150.74478065092995,151.5686798095703,73714800
2022-09-07,151.85311468464747,153.66765323664163,150.66629592998046,152.9712677001953,87449600
2022-09-08,151.6765739248584,153.36361410419434,149.75412756943635,151.50003051757812,84923800
2022-09-09,152.4907097522004,154.79568238893683,151.7845060067485,154.3542938232422,68028800
2022-09-12,156.53171708379904,161.11222243462,156.24728104104713,160.29812622070312,104956000
2022-09-13,156.83579030622826,157.46352522744408,150.43092752735453,150.8919219970703,122656600
2022-09-14,151.82370097735972,154.08944624806267,150.66632089509483,152.333740234375,87965400
2022-09-15,151.68639505914092,152.2651001071562,148.4790697119515,149.45008850097656,90481100
2022-09-16,148.31230899881908,148.44962552428208,145.5267216779744,147.81207275390625,162278800
2022-09-19,146.448684995869,151.59807625432504,146.24271772670144,151.5196075439453,81474200
2022-09-20,150.46035140561636,155.05067517637016,150.14649142825516,153.89328002929688,107689800
2022-09-21,154.32487092805448,155.69805153828966,150.65655057959955,150.7742462158203,101696800
2022-09-22,149.4599017279835,151.50984684718208,148.0180705759549,149.81300354003906,86652500
2022-09-23,148.29268659863374,148.5673196468233,145.71308157487604,147.5472412109375,96029900
2022-09-26,146.79202323434507,150.82326264584486,146.77240230987616,147.88075256347656,93339400
2022-09-27,149.81302224747262,151.75507497309587,147.07647912072952,148.85179138183594,84442700
2022-09-28,144.81068405296207,147.75319322361267,142.06433916707977,146.96852111816406,146691400
2022-09-29,143.3002421615135,143.9083561021041,137.98409428837317,139.74960327148438,128138200
2022-09-30,138.5725991267457,140.35772899315157,135.35545614892226,135.55162048339844,124925300
2022-10-03,135.56144631438175,140.32831325471835,135.05140704196927,139.72018432617188,114311700
2022-10-04,142.25072959734777,143.41792753527417,141.4954812316815,143.30023193359375,87830100
2022-10-05,141.30916116839794,144.55572849466822,140.26946161653336,143.59449768066406,79471000
2022-10-06,143.01577382273572,144.7126168501461,142.43708385477177,142.64305114746094,68402200
2022-10-07,139.80845770678545,140.3577388347644,136.7776758724346,137.40541076660156,85925600
2022-10-10,137.7290802001953,139.17091126885134,135.91454138275128,137.7290802001953,74899000
2022-10-11,137.21904887976436,138.64127407342733,135.57125040118655,136.31668090820312,77033700
2022-10-12,136.4638036366148,137.67022848780448,135.51239091855444,135.68893432617188,70433700
2022-10-13,132.4031536839207,140.8383404618952,131.7950247428473,140.24984741210938,113224000
2022-10-14,141.54451814883853,141.75050040665323,135.54180333634727,135.72816467285156,88598000
2022-10-17,138.3666666620457,140.16158499262147,137.5819941601383,139.6809844970703,85250900
2022-10-18,142.70191550699425,143.8887193551449,137.91542833833753,140.99525451660156,99136600
2022-10-19,138.974750883936,142.1722730567363,138.78838952105372,141.10316467285156,61758300
2022-10-20,140.27929180657773,143.0942888035043,139.91637199149932,140.64219665527344,64522000
2022-10-21,140.13216919078735,145.01674794041006,139.91638386611885,144.44786071777344,86548600
2022-10-24,144.36937374781388,147.35111109163424,143.20217553886908,146.5860595703125,75981900
2022-10-25,147.21377179556336,149.56778877679034,146.4977652190575,149.420654296875,74732300
2022-10-26,148.06710843299678,149.07736899312695,145.20305222207165,146.4879608154297,88194300
2022-10-27,145.23248644302674,146.1937021462339,141.36798774070627,142.025146484375,109180200
2022-10-28,145.36002058759684,154.48180643716302,144.98731275555542,152.7555389404297,164762400
2022-10-31,150.22494584357278,151.28425122815005,149.00870300208484,150.4014892578125,97943200
2022-11-01,152.10816072803473,152.47106552613408,146.27218522217615,147.76304626464844,80379300
2022-11-02,146.09561013902547,149.2539052221096,142.22130852087065,142.250732421875,93604600
2022-11-03,139.3376819611652,140.06350662558899,136.09111434862288,136.2186279296875,97918500
2022-11-04,139.5982394074154,140.16807005387253,132.02345398469166,135.95330810546875,140814800
2022-11-07,134.7055842324109,136.70980337190065,133.29083425573356,136.4838409423828,83374600
2022-11-08,137.94774130575934,138.9498435557623,135.0789489012502,137.05369567871094,89908500
2022-11-09,136.07124673599705,136.12037292800636,132.22980938548775,132.50489807128906,74917800
2022-11-10,138.7631880310501,144.29444885253906,137.0536956773793,144.29444885253906,118854000
2022-11-11,143.26287971945007,147.3793904835366,141.83829520447486,147.0748291015625,93979700
2022-11-14,146.3576203774582,147.64464544159856,144.84461786588682,145.67971801757812,73374100
2022-11-15,149.55062261259357,150.89659305740093,145.95480194485347,147.40884399414062,89868300
2022-11-16,146.51481993344615,147.24183349471545,144.70707528826344,146.18077087402344,64218300
2022-11-17,143.8621421866718,148.82358651784583,143.58705356948877,148.07691955566406,80389400
2022-11-18,149.6390649453273,150.0222252429551,147.3401031595605,148.63694763183594,74829600
2022-11-21,147.52678083863384,147.73308985978306,145.12956655626695,145.4144744873047,58724100
2022-11-22,145.53233313834016,147.78216811313607,144.35336486366882,147.54637145996094,51804100
2022-11-23,146.82920540527334,149.16747394284351,146.72113379241404,148.42080688476562,58301400
2022-11-25,145.70916976960694,146.26918120067512,144.5400357218998,145.51268005371094,35195900
2022-11-28,142.5947981424062,144.06849387144769,140.8656672171658,141.69093322753906,69246000
2022-11-29,141.75971007267643,142.27059550015326,137.88881488460692,138.69442749023438,83763800
2022-11-30,138.92032914643895,146.1119689677197,138.0852441887457,145.43406677246094,111380900
2022-12-01,145.61093011966628,146.51479479155137,144.03898243478534,145.70916748046875,71250400
2022-12-02,143.40043783526434,145.40465760065473,143.09586143280922,145.21798706054688,65447400
2022-12-05,145.17866278529172,148.2734173934748,143.21373541725012,144.05865478515625,68826400
2022-12-06,144.49096870660432,144.71693119940028,139.431270776129,140.40391540527344,64727200
2022-12-07,139.69655531326703,140.8558556105538,137.54495680465763,138.46847534179688,69721100
2022-12-08,139.86351440208722,141.0031757409908,138.62561570092225,140.14842224121094,62128300
2022-12-09,139.84387422747133,143.0172426533997,138.42912415381502,139.6670379638672,76097000
2022-12-12,140.19755844692216,141.96599599737974,138.58631867677312,141.9561767578125,70462700
2022-12-13,146.87834983755218,147.34010905974955,141.71059523341404,142.9190216064453,93886200
2022-12-14,142.80109523487565,144.0881201971517,138.6845702087708,140.69862365722656,82291200
2022-12-15,138.63548245096763,139.31338494507114,133.64456400681874,134.1063232421875,98931900
2022-12-16,134.2929782040358,135.23613504981998,131.38487878191776,132.1511993408203,160156900
2022-12-19,132.74067737544078,132.82909551472687,129.01714637272462,130.04872131347656,79592600
2022-12-20,129.08593469778208,130.91331820064397,127.61223880809378,129.97998046875,77432800
2022-12-21,130.64803543949063,134.41087369361549,130.42207295695286,133.07472229003906,85928000
2022-12-22,131.9940429577661,132.20035200043924,128.01506080289434,129.9112091064453,77852100
2022-12-23,128.62416529925937,130.09786107261186,127.36661277196195,129.5476837158203,63814900
2022-12-27,129.07609558176017,129.1055682957193,126.46273834186272,127.74976348876953,69007800
2022-12-28,127.39607559848972,128.73222692892008,123.66271775984323,123.8297348022461,85438400
2022-12-29,125.74552617249073,128.19185867326428,125.4900910087302,127.33712005615234,75703700
2022-12-30,126.15818552945343,127.67117324976594,125.19536766637758,127.65151977539062,77034200
2023-01-03,127.99538262842435,128.6045053870652,121.99252821247748,122.87674713134766,112117500
2023-01-04,124.66482384759799,126.40378887161263,122.88656686996354,124.14411926269531,89113600
2023-01-05,124.90062068574457,125.52939692056383,122.57218626779334,122.82762145996094,80962700
2023-01-06,123.80025205121024,128.0051879622661,122.69989001665523,127.34693908691406,87754700
2023-01-09,128.1820484933381,131.07049435820306,127.61221771125115,127.8676528930664,70790800
2023-01-10,127.97574077291436,128.95820466182693,125.87326865028986,128.4375,63896200
2023-01-11,128.94836939344688,131.1687321095965,128.17222961380043,131.1490936279297,69458900
2023-01-12,131.53227009080283,131.90559617413024,129.13505580606935,131.0705108642578,71379600
2023-01-13,129.71471296505177,132.55403315564018,129.35120610397337,132.39683532714844,57809700
2023-01-17,132.46557135226192,134.88242345634274,131.77784981822288,133.5561065673828,63646600
2023-01-18,134.4206645548957,136.17926764063154,132.66204647795638,132.83889770507812,69672800
2023-01-19,131.72872356322017,133.86066781311564,131.42416224055012,132.89785766601562,58280400
2023-01-20,132.90769302903612,135.59964906296133,131.86628386729487,135.4522705078125,80223600
2023-01-23,135.6978953680963,140.80671912517695,135.4817521326256,138.63546752929688,81760300
2023-01-24,137.84949253259393,140.64952034187644,137.83967329148908,140.0305633544922,66435100
2023-01-25,138.41930821894437,139.93229570032543,136.37578195167205,139.37229919433594,65799300
2023-01-26,140.65934626942868,141.72040901629467,139.41161299424252,141.4355010986328,54105100
2023-01-27,140.64949717713105,144.64811636457318,140.57089828761406,143.37091064453125,70555800
2023-01-30,142.41796049282078,142.99761054282715,140.34496125408572,140.49232482910156,64015300
2023-01-31,140.19756045993424,141.8088002532181,139.78492752410364,141.75967407226562,65874500
2023-02-01,141.44529588395375,144.0389993752098,138.8417731528238,142.8796844482422,77663600
2023-02-02,146.28881248443847,148.5288281161462,145.57161831064525,148.17515563964844,118339000
2023-02-03,145.43410775063012,154.62014981197694,145.23761799882098,151.7906494140625,154357300
2023-02-06,149.8945101165513,150.41521473457135,148.13589150827315,149.06922912597656,69858300
2023-02-07,147.99834440627268,152.50784959474223,147.99834440627268,151.93801879882812,83322600
2023-02-08,151.18150996746658,151.86923151834947,148.5190269025848,149.25587463378906,64120100
2023-02-09,151.08326181502397,151.62361983119905,147.78218328763404,148.2242889404297,56007100
2023-02-10,147.06327712026294,148.9131193699711,146.82712033740432,148.58840942382812,57450700
2023-02-13,148.52935383999073,151.78627208132363,148.49983612289876,151.3828582763672,62199000
2023-02-14,149.68055772689488,151.3041068890254,148.4407688328002,150.7432403564453,61707600
2023-02-15,150.6546952720313,153.00636811059493,150.42838780610393,152.83909606933594,65573800
2023-02-16,151.04829713189807,153.82308261470098,150.890874314185,151.24510192871094,68167900
2023-02-17,149.90687847207133,150.5464488832577,148.4309328947845,150.10366821289062,59144100
2023-02-21,147.79135689260553,148.87372305726493,146.03006833094608,146.09893798828125,58867200
2023-02-22,146.48269724609548,147.54538003263738,144.80012742797703,146.52206420898438,51011300
2023-02-23,147.68314896878456,147.92913996180903,144.87886065676489,147.00421142578125,48394200
2023-02-24,144.75090982195374,144.82962872471046,143.38320079150859,144.35733032226562,55469600
2023-02-27,145.34131909727375,146.77789803104127,145.08547886576312,145.54794311523438,44998500
2023-02-28,144.69188448050687,146.68932985809187,144.47541123636594,145.04611206054688,50547000
2023-03-01,144.4754113339038,144.86899086128216,142.68458995191014,142.9797821044922,55479000
2023-03-02,142.06468141879296,144.35731860288683,141.59236804059648,143.5701446533203,52238100
2023-03-03,145.66599039801153,148.6867663889097,144.96738452683869,148.60804748535156,70732300
2023-03-06,151.32377696340643,153.79353555974586,150.99908214162087,151.36314392089844,87558000
2023-03-07,151.23522972088062,151.55993956940895,148.7064506179963,149.16891479492188,56182000
2023-03-08,150.35949790258118,151.00891757952724,149.39521763366128,150.4185333251953,47204800
2023-03-09,151.09746808583355,152.0617483379844,147.8208670608722,148.1750946044922,53833600
2023-03-10,147.8011910673905,148.51948035027368,145.24287949222287,146.1186065673828,68572400
2023-03-13,145.43968998615728,150.6842189540097,145.33145336527863,148.05703735351562,84457100
2023-03-14,148.85404568502526,150.94004418166887,147.6929755826584,150.14303588867188,73695900
2023-03-15,148.76548332238644,150.7924462663543,147.51584514285557,150.53662109375,77167900
2023-03-16,149.71994010489203,153.9509875803486,149.20827470890512,153.35076904296875,76161100
2023-03-17,153.57710247425993,154.2265223157517,151.80596427660015,152.51441955566406,98944600
2023-03-20,152.58327776546486,155.28917828804447,151.67801783277878,154.8759002685547,73641400
2023-03-21,154.7971931327365,156.84382463636302,154.02968755125636,156.7257537841797,73938300
2023-03-22,156.7454546452784,159.5399085601911,155.27934300701256,155.2990264892578,75701800
2023-03-23,156.28297554136526,158.9593583364734,155.15140813839363,156.38136291503906,67622100
2023-03-24,156.31249715364865,157.76875944157217,155.31869907440637,157.68020629882812,59196500
2023-03-27,157.37517430078694,158.19186606543823,155.33836200567538,155.74179077148438,52390300
2023-03-28,155.43673225056244,155.94839753031852,153.47863926690832,155.12185668945312,45992200
2023-03-29,156.8143056879684,158.46737267599337,156.7946372221569,158.19186401367188,51305700
2023-03-30,158.93967116064357,159.86459953343115,158.68384597812414,159.75636291503906,49501700
2023-03-31,159.83510289651463,162.35404815041076,159.31360321570477,162.25564575195312,68749800
2023-04-03,161.63570888278477,163.62330459513862,161.58650769871608,163.50523376464844,56976200
2023-04-04,163.92838412805693,164.16452584406122,162.4622725801105,162.97393798828125,46278300
2023-04-05,162.0982064947886,162.40323287933546,159.20535043705326,161.1339111328125,51511700
2023-04-06,159.8252353547828,162.31467762112032,159.40213812085784,162.0194854736328,45390100
2023-04-10,158.8314373555464,159.43165588378906,157.51292944566782,159.43165588378906,47716900
2023-04-11,159.7465059260698,159.7563401575787,157.93600138413825,158.2213592529297,47644200
2023-04-12,158.6346273017189,159.46115319792995,157.2177171858746,157.5325927734375,50133100
2023-04-13,159.03807402297244,163.14120127307194,158.83143501847854,162.90504455566406,68445600
2023-04-14,161.9506163702145,163.6528847449455,161.19297496954,162.56068420410156,49386500
2023-04-17,162.44259843625022,162.73779061232008,161.39959909302152,162.58035278320312,41516200
2023-04-18,163.43642945073645,164.72541991249665,162.9936336312071,163.8004913330078,49923000
2023-04-19,163.14117819260926,165.46333303592274,162.88533803142178,164.94183349609375,47720200
2023-04-20,163.42652181136077,165.17797593709363,162.9050222690973,163.9775390625,52456400
2023-04-21,162.4032359760057,163.78077935638615,161.85221862385353,162.37371826171875,58337300
2023-04-24,162.35400113354166,162.9443853251193,161.26180088898863,162.6787109375,41949600
2023-04-25,162.54096443175132,163.64299896057264,161.10437083745688,161.14373779296875,48714100
2023-04-26,160.44513945575562,162.6295403559192,160.1893142654478,161.1339111328125,45498800
2023-04-27,162.54097091629146,165.85692388096987,162.54097091629146,165.70933532714844,64902300
2023-04-28,165.78806481489534,167.12625617335198,165.1878463008649,166.95896911621094,55275900
2023-05-01,166.5653655163748,167.71660118549804,165.93562938076653,166.87039184570312,52472900
2023-05-02,167.36238122666072,167.61822139630092,164.85327080237903,165.8372344970703,48425700
2023-05-03,166.78186884038578,168.17909567440717,164.47939708632646,164.76473999023438,65136000
2023-05-04,162.24580144031648,164.36131774887434,161.67510059572527,163.13136291503906,81235400
2023-05-05,168.23814318555767,171.50491053581004,168.02166992672903,170.78662109375,113453200
2023-05-08,169.71408033203093,171.06212101363838,169.35001851271124,170.7177276611328,55962800
2023-05-09,170.27492954930042,170.75706217667226,168.84818511789587,169.0154571533203,45326900
2023-05-10,170.24541483030967,171.23921282792068,169.14336520388548,170.77674865722656,53724500
2023-05-11,171.06213225532295,171.7902559418124,169.40906507439723,170.96372985839844,49514700
2023-05-12,171.07208510437357,171.50563041723674,168.49053896760506,170.03750610351562,45533100
2023-05-15,170.61886136031444,170.66813061172948,168.95365989259247,169.54486083984375,37266700
2023-05-16,169.4660330445526,170.5991506527755,169.2788189100942,169.54486083984375,42110300
2023-05-17,169.1901019966857,170.3921842356942,167.91902478069315,170.1557159423828,57951600
2023-05-18,170.4612209279976,172.66835428782517,170.04738624206732,172.48114013671875,65496700
2023-05-19,173.80145343851697,173.80145343851697,172.37273538217633,172.58950805664062,55809500
2023-05-22,171.42679729660153,172.1460951955022,170.9045763773169,171.64356994628906,43570900
2023-05-23,170.58924890784658,170.8355800522131,168.7663924255905,169.0422821044922,50747300
2023-05-24,168.57921320123526,169.8896969643689,168.01758589409968,169.31820678710938,45143500
2023-05-25,169.87986475065702,171.34798918728478,169.17042964019168,170.45135498046875,56058300
2023-05-26,170.77653895289623,173.19058223460047,170.56961408423973,172.85556030273438,54835000
2023-05-30,174.36308277683443,176.36329091292328,173.978806707213,174.69808959960938,55964400
2023-05-31,174.72764675708407,176.71800704198733,174.16600441023556,174.64881896972656,99625300
2023-06-01,175.0922027756249,177.47668683522244,174.33349851829678,177.44712829589844,68901800
2023-06-02,178.37336820267623,179.11236188910445,176.62933889294345,178.29454040527344,61996900
2023-06-05,179.9498694414483,182.23581511366768,175.42721727327233,176.9446258544922,121946500
2023-06-06,177.3288889732544,177.4766816655694,174.82615579439974,176.58004760742188,64848400
2023-06-07,175.82136104700194,178.5507149734009,174.71780207381394,175.21046447753906,61944600
2023-06-08,175.2892895872439,178.18614713091944,174.85575927069235,177.9201202392578,50214900
2023-06-09,178.83645110058313,179.55573399442156,177.9792233362159,178.30438232421875,48900000
2023-06-12,178.60979675614232,181.19134243029353,178.3141963653565,181.09280395507812,54274900
2023-06-13,180.11737806569877,181.4475575367352,179.76266053311636,180.61988830566406,54929100
2023-06-14,180.67901332162722,181.684048880549,179.34883379218707,181.25050354003906,57462900
2023-06-15,181.26036948430115,183.78279874291368,181.08300318978328,183.2802734375,65433200
2023-06-16,183.98968846409701,184.245882524342,181.56579797087073,182.2062530517578,101256200
2023-06-20,181.7037512704965,183.36895259993452,181.7037512704965,182.29493713378906,49799100
2023-06-21,182.1865534203878,182.68907870149724,179.91045548906328,181.26036071777344,49515700
2023-06-22,181.04359886716716,184.30502181445038,180.9746189088309,184.25575256347656,51245300
2023-06-23,182.82700770116728,184.807505007212,182.29492392440986,183.94041442871094,53117000
2023-06-26,184.0882365039062,185.29033397781694,182.51171079012911,182.55113220214844,48088700
2023-06-27,183.1620179856705,185.6253298715582,182.94524533692336,185.3001708984375,50730800
2023-06-28,185.1720661878379,187.11315707618536,184.84692226306757,186.4727020263672,51216800
2023-06-29,186.3052137668684,187.2806907250245,186.16726889716722,186.80772399902344,46347300
2023-06-30,188.81777221441135,191.62593851624817,188.45319186108497,191.12342834472656,85213200
2023-07-03,190.9362564156046,191.03479491877454,188.94589592351636,189.63563537597656,31458200
2023-07-05,188.75868490984942,190.1479814937267,187.82261429340878,188.52220153808594,46920300
2023-07-06,187.05405664400223,189.20207252866174,186.42344937265386,188.99514770507812,45094300
2023-07-07,188.60102706839623,189.84253092683244,187.4481988352347,187.88172912597656,46815000
2023-07-10,186.48255712554894,187.2018550195119,184.2951349736181,185.84210205078125,59922200
2023-07-11,186.384037813756,186.5219826806886,183.86160879849567,185.31988525390625,46638100
2023-07-12,186.8964167558296,188.88677723101014,185.70418206587038,186.985107421875,60750200
2023-07-13,187.7043680387378,188.38424453327508,186.99493300399138,187.7437744140625,41342300
2023-07-14,187.43834550769154,188.37440112570727,186.8471596075647,187.8916015625,41616200
2023-07-17,189.08381775872684,191.46831693797242,188.9951421376018,191.14315795898438,50520200
2023-07-18,190.5125649317522,191.47817907078496,189.5962050071137,190.88697814941406,48288200
2023-07-19,190.2661976064536,195.32090288181368,189.82278948215546,192.23684692382812,80507300
2023-07-20,192.22701989757815,193.58677299126168,189.67503216410122,190.29579162597656,59581200
2023-07-21,191.25155042374644,192.10877819186132,188.4236580132484,189.1232452392578,71951700
2023-07-24,190.57167418096722,192.04966138875844,189.4286937985748,189.92135620117188,45377800
2023-07-25,190.49287261199655,191.5865838976961,190.08888577789457,190.7786102294922,37283200
2023-07-26,190.82786945588313,192.76896069007793,190.48301476563847,191.64569091796875,47471900
2023-07-27,193.1433729163405,194.30604897209747,189.72429463258098,190.38446044921875,47460200
2023-07-28,191.8131659299023,193.7444090416655,191.29094501886246,192.95614624023438,48291400
2023-07-31,193.18277106210203,193.6064685292723,192.394508242959,193.56704711914062,38824100
2023-08-01,193.3601546102926,193.842954166062,192.41423613585215,192.73939514160156,35175100
2023-08-02,192.17772026565052,192.31566512038475,189.03454714457348,189.7538299560547,50389300
2023-08-03,188.75865610470643,189.54690382056828,187.89156557542466,188.36451721191406,61235200
2023-08-04,182.79748597555601,184.63019095429203,179.25031019901363,179.3192901611328,115956800
2023-08-07,179.4572213905704,180.44254624962392,174.74736976708382,176.22535705566406,97576100
2023-08-08,177.05305163689803,177.6245419410217,174.97401528572274,177.16143798828125,67823000
2023-08-09,178.21570618554995,178.2748232727554,174.41235154839882,175.57504272460938,60378500
2023-08-10,176.84608080013524,178.0974474344709,174.99368050557445,175.35824584960938,54686900
2023-08-11,174.95373578240464,176.2363757071569,174.1940069392339,175.41744995117188,52036700
2023-08-14,175.595078706152,177.2921273528478,174.94388246971033,177.06520080566406,43675600
2023-08-15,176.4929258073929,177.08491002448199,174.68734458769583,175.08200073242188,43622600
2023-08-16,174.76626971305478,176.15744233651847,174.14467201512105,174.2137451171875,46964900
2023-08-17,174.77615243783515,175.1412101505236,171.1649897406694,171.6780548095703,66062900
2023-08-18,170.0007213782545,172.76335939467492,169.6652621694116,172.1614990234375,61172200
2023-08-21,172.7337554755455,173.77960771425435,171.4215020828672,173.49346923828125,46311900
2023-08-22,174.69719959083847,175.30892111024494,173.89801113995804,174.86492919921875,42038900
2023-08-23,176.13769314574677,179.12725724190958,175.95022624612537,178.70298767089844,52722800
2023-08-24,178.25900483655056,178.6832744289853,173.66118769058747,174.02626037597656,54945800
2023-08-25,175.0129196769248,176.75928869570708,173.47373983758078,176.22650146484375,51449600
2023-08-28,177.6867593505913,178.1800870283186,176.1673167274641,177.78543090820312,43820700
2023-08-29,177.30194937146643,182.4325537749521,177.1046213280948,181.6629638671875,53003900
2023-08-30,182.47203136515444,185.34320186637345,182.27470331859433,185.14585876464844,60813900
2023-08-31,185.33334709899387,186.59626480914432,184.97815055206615,185.36294555664062,60794500
2023-09-01,186.961330634287,187.38558521498553,185.76747101772168,186.93173217773438,45766500
2023-09-05,185.7674844117445,187.44479564304942,185.1064270757959,187.1685333251953,45280000
2023-09-06,185.88587535630464,186.32988234003622,179.04836051297525,180.46914672851562,81755800
2023-09-07,172.84227669356144,175.83185624974686,171.22416252451072,175.19052124023438,112488800
2023-09-08,175.96997548136457,177.83475336123297,175.4174358773743,175.80223083496094,65551300
2023-09-11,177.66705421097663,177.8939807491613,174.9734739911946,176.96652221679688,58953100
2023-09-12,177.09477490699047,177.72623373133553,172.487096210491,173.9473419189453,90370200
2023-09-13,174.15451849429098,174.93398459835862,171.6582818339781,171.88522338867188,84267900
2023-09-14,171.67802028548886,173.75000241444866,171.2636268707299,173.39480590820312,60895800
2023-09-15,174.12494522635322,174.14468255030425,171.5004532372104,172.674560546875,109259500
2023-09-18,174.12492516303394,176.9862345995646,173.81906442528665,175.5950469970703,67257600
2023-09-19,175.15104027243933,177.2328834055171,174.76624533576447,176.68035888671875,51826900
2023-09-20,176.86781171431105,177.30194242582076,173.05932191129062,173.14813232421875,58436200
2023-09-21,172.2206842726111,173.94733103404198,171.5398897121348,171.60894775390625,63149100
2023-09-22,172.33906468788402,174.71690737052137,171.72734327191537,172.45745849609375,56725400
2023-09-25,171.8753837600089,174.60842368932387,171.82604797435675,173.7303009033203,46172700
2023-09-26,172.48707194438137,172.86199068863868,169.36923785117082,169.6652374267578,64588900
2023-09-27,170.3164478696235,170.73084132501634,166.7940959712009,168.15567016601562,66921800
2023-09-28,167.08022534636603,169.7343308371659,165.38317681816312,168.41221618652344,56294400
2023-09-29,169.7244355134215,170.7604265076125,168.06684691168314,168.9252471923828,51861100
2023-10-02,168.93512915166482,171.9740294168616,168.6489906711008,171.43136596679688,52164500
2023-10-03,169.96123409658216,171.31296207551728,168.54046313149794,170.099365234375,49594600
2023-10-04,168.80684851428336,171.8852232303615,168.68845469814508,171.34255981445312,53020300
2023-10-05,171.47083294671847,173.10868450108188,170.3756448658088,172.57589721679688,48527900
2023-10-06,171.48074420868846,175.61483353131405,170.8690075066016,175.1215057373047,57266700
2023-10-09,174.45052401213385,176.6606373398207,173.45400756283908,176.6014404296875,42390800
2023-10-10,175.72330653262233,177.32168322438636,175.57529921161475,176.00942993164062,43698000
2023-10-11,175.82199530812358,177.44998580714199,175.23001108089,177.40065002441406,47551100
2023-10-12,177.6670488234186,179.90674578858014,176.6507798893927,178.2985076904297,56743100
2023-10-13,178.99902980590412,179.5022186651883,175.76280113660414,176.4633331298828,51427100
2023-10-16,174.39134016768617,176.69024903281087,174.15453745424634,176.33505249023438,52517000
2023-10-17,174.29263735930638,176.03902130181154,172.4673342483031,174.7859649658203,57549400
2023-10-18,173.23694427289632,175.21025492862336,172.77321506438722,173.49346923828125,54764400
2023-10-19,173.69082297603654,175.466805839834,172.85217485644313,173.1185760498047,59302900
2023-10-20,172.97056355030566,173.0790962513972,170.3361953203569,170.572998046875,64244000
2023-10-23,168.62928473640696,171.68790756499885,167.6623515662161,170.69139099121094,55980100
2023-10-24,170.74073901093655,171.35246060946264,169.16208417292097,171.1255340576172,43816600
2023-10-25,169.58633193718455,170.75057806188605,168.3727349771656,168.81674194335938,57157000
2023-10-26,168.0964746462511,169.0930062294273,163.459197305812,164.6629180908203,70625300
2023-10-27,164.68264263448572,166.70528904611524,164.60370840247674,165.97515869140625,58499100
2023-10-30,166.76446060818319,168.88576319601256,166.61645329997643,168.0175018310547,51131000
2023-10-31,167.09011614768582,168.61942013954004,165.65945361827133,168.4911651611328,44846000
2023-11-01,168.71805482147735,171.9049471971035,167.84979334743332,171.64842224121094,56934900
2023-11-02,173.17776232760195,175.40759814141026,173.118565411641,175.20040893554688,77334800
2023-11-03,171.91485064572058,174.46042350768224,171.0367278993792,174.2926788330078,79829200
2023-11-06,174.02628274488598,177.0355696443862,173.85855313497558,176.83824157714844,63841300
2023-11-07,176.78892234542403,180.00542885763969,176.5817331247381,179.39370727539062,70530000
2023-11-08,179.91662978825056,181.00194176498167,179.16676200069597,180.4494171142578,49340300
2023-11-09,180.51847829944086,181.6629871195562,179.3838155582821,179.97581481933594,53763500
2023-11-10,181.75410719319203,184.32279657138264,181.31940452226758,184.1548309326172,66133400
2023-11-13,183.58186108306094,183.7893232540613,181.9912524470517,182.5741424560547,43627500
2023-11-14,185.43922075842696,185.84428607992842,184.05608926427885,185.18235778808594,60108400
2023-11-15,185.5873915048758,187.21751156501972,185.5182274044454,185.74545288085938,53790500
2023-11-16,187.28665942031617,188.6599164347462,186.37772744350028,187.4249725341797,54412900
2023-11-17,187.95851077872672,188.08694980194565,186.29875297867935,187.40525817871094,50922700
2023-11-20,187.60280481288592,189.59847845797387,187.5929306882813,189.14401245117188,46505100
2023-11-21,189.10452557023848,189.21320125507725,187.45464204586924,188.3437957763672,38134500
2023-11-22,189.18356183514956,190.60620477415247,188.53150773289747,189.00572204589844,39617700
2023-11-24,188.57100791556658,188.60064536615056,186.970525284031,187.68185424804688,24048300
2023-11-27,187.6324520630897,188.37341847212542,186.62473352580105,187.50401306152344,40552600
2023-11-28,187.49414676130317,188.77849160556613,187.11871894105684,188.10667419433594,38415400
2023-11-29,188.60066651864972,189.77633577367203,186.6939199672285,187.08909606933594,43014200
2023-11-30,187.55340318726755,188.02763251612237,185.92328320995222,187.66207885742188,48794400
2023-12-01,188.0375263099119,189.25270705783993,186.95076949469112,188.9365692138672,45704800
2023-12-04,187.69172432124148,187.7608884211111,185.19219887595256,187.14834594726562,43389500
2023-12-05,187.91897362196437,192.05849343193452,187.8893210956394,191.09030151367188,66628400
2023-12-06,192.1079050949125,192.41416882595195,189.79609331061306,190.00357055664062,41089700
2023-12-07,191.29779342674496,192.65128739108172,191.25826677194576,191.93008422851562,47477700
2023-12-08,191.86088500111674,193.62933314213194,191.33726998338577,193.3527069091797,53406400
2023-12-11,190.78404615931,191.15947399253523,189.11439931154695,190.8531951904297,60943700
2023-12-12,190.75437444051195,192.37462021785012,189.41075488796335,192.36474609375,52696900
2023-12-13,192.74019585543422,195.6151493963814,192.50309623143957,195.5756378173828,70404200
2023-12-14,195.63490356313392,197.21562292408947,193.79730618821,195.72381591796875,66831600
2023-12-15,195.1508114803035,196.01032777733312,194.62719637119332,195.19033813476562,128538400
2023-12-18,193.7281513997374,194.26165570440122,192.04863040265064,193.5305633544922,55751900
2023-12-19,193.7973281496765,194.57780625556214,193.53057597994234,194.56793212890625,40714100
2023-12-20,194.5283816611859,195.2989855460905,192.4833221435547,192.4833221435547,52242800
2023-12-21,193.73802319308166,194.70621508029078,191.16933361068988,192.33511352539062,46482500
2023-12-22,192.82909873139974,193.0563392932213,190.64572606781581,191.2681427001953,37149600
2023-12-26,191.2780297879531,191.55465607108982,190.50742584564344,190.7247772216797,28919300
2023-12-27,190.17149315937536,191.16932243864449,188.78834689776542,190.8235321044922,48087700
2023-12-28,191.80161980345068,192.3153607227681,190.8433020640508,191.2483673095703,34049900
2023-12-29,191.56452296375952,192.0585006042798,189.4206618129017,190.21102905273438,42672100
